<?xml version="1.0" encoding="UTF-8"?>
<beans xmlns:xsi="http://www.w3.org/2001/XMLSchema-instance"
       xmlns="http://www.springframework.org/schema/beans"
       xsi:schemaLocation="http://www.springframework.org/schema/beans http://www.springframework.org/schema/beans/spring-beans.xsd">

    <bean id="multipartResolver" class="org.springframework.web.multipart.commons.CommonsMultipartResolver">
        <property name="defaultEncoding" value="utf-8"></property>
        <property name="maxUploadSize" value="10485760"></property>
        <property name="maxInMemorySize" value="40960"></property>
    </bean>
    <!-- 操蛋的异常转换标准json Result -->
    <bean id="caoDanDeExceptionResolver" class="com.pingan.qhzx.anshao.platform.common.ex.ResponseExceptionResolver">
        <property name="messageSource" ref="_papp_esa_ex_message_source"/>
        <property name="order" value="100"/>
    </bean>

</beans>