<?xml version="1.0" encoding="UTF-8"?>
<beans xmlns:xsi="http://www.w3.org/2001/XMLSchema-instance"
       xmlns="http://www.springframework.org/schema/beans"
       xsi:schemaLocation="http://www.springframework.org/schema/beans http://www.springframework.org/schema/beans/spring-beans.xsd">
    <bean id="ansir_redis" class="com.pingan.pafa.redis.RedisFactoryBean">
        <property name="configureResource" value="${redis.resource}"></property>
    </bean>

    <bean id="lock_factory" class="com.pingan.pafa.redis.lock.RedisLockFactoryImpl">
        <!-- 命名空间，防Key重复 -->
        <property name="namespace" value="ansir:locker:"></property>
        <!-- 锁过期时间，单位:秒 -->
        <property name="lockExpireTime" value="86400"></property>
        <property name="redis" ref="ansir_redis"></property>
    </bean>

    <bean id="wesessionConfig" class="com.pingan.pafa.stp.wesession.WeSessionConfig">
        <!-- 会话Key名 ,Cookie名-->
        <property name="sessionIdKeyName" value="ansir_session_key"></property>
        <!-- 超时时间，单位秒 -->
        <property name="cacheExpiresTime" value="1800"></property>
        <!-- 是否使用cookie -->
        <property name="cookieEnable" value="true"></property>
        <!-- cookie是否使用 主域名-->
        <property name="cookieMainDomainEnable" value="true"></property>

        <property name="refreshExpiresTime" value="true"/>
    </bean>

    <bean id="wesession" class="com.pingan.qhzx.anshao.platform.common.web.session.RedisSession">
        <property name="redis" ref="ansir_redis"></property>
        <property name="configure" ref="wesessionConfig"></property>
        <property name="serialization"
                  value="com.pingan.qhzx.anshao.platform.common.web.session.ser.Hessian2Serialization"/>
    </bean>

    <bean id="wesessionFilter" class="com.pingan.pafa.stp.wesession.filter.WeSessionWebFilter">
        <property name="wesession" ref="wesession"></property>
        <property name="pattern" value="/**"></property>
    </bean>

    <bean id="orgQaCounter" class="com.pingan.qhzx.anshao.platform.common.ext.utils.CommonRedisMapBean">
        <property name="id" value="ansir.orgQaCounter"/>
        <property name="keyClazz" value="java.lang.String"/>
        <property name="redis" ref="ansir_redis"/>
        <property name="valueClazz" value="com.pingan.qhzx.anshao.platform.common.service.model.bean.QaCountBean"/>
    </bean>

    <bean id="serialQueue" class="com.pingan.pafa.redis.queue.RedisQueueBean">
        <property name="redis" ref="ansir_redis"/>
        <property name="elementClazz" value="com.pingan.qhzx.anshao.platform.common.dto.pg.MchtTrafficSerial"/>
        <property name="id" value="ansir.serial"/>
    </bean>

    <bean id="syncCorpusOrgQueue" class="com.pingan.pafa.redis.queue.RedisQueueBean">
        <property name="redis" ref="ansir_redis"/>
        <property name="elementClazz" value="java.lang.Integer"/>
        <property name="id" value="ansir.syncCorpusOrg"/>
    </bean>

    <bean id="corpusOrgMap" class="com.pingan.qhzx.anshao.platform.common.ext.utils.CommonRedisMapBean">
        <property name="id" value="ansir.corpusOrgMap"/>
        <property name="redis" ref="ansir_redis"/>
        <property name="keyClazz" value="java.lang.String"/>
        <property name="valueClazz" value="java.lang.Integer"/>
    </bean>

</beans>