<?xml version="1.0" encoding="UTF-8"?>
<beans xmlns:xsi="http://www.w3.org/2001/XMLSchema-instance"
       xmlns="http://www.springframework.org/schema/beans"
       xsi:schemaLocation="http://www.springframework.org/schema/beans http://www.springframework.org/schema/beans/spring-beans.xsd">
    <!-- configLocation 路径不对 -->
    <bean id="sqlSessionFactory" class="org.mybatis.spring.SqlSessionFactoryBean">
        <property name="dataSource" ref="dataSource" />
        <property name="mapperLocations" value="classpath*:mapper/postgresql/*.xml"/>
        <property name="plugins">
            <array>
                <bean class="com.github.pagehelper.PageHelper">
                    <property name="properties">
                        <value>
                            dialect=postgresql
                        </value>
                    </property>
                </bean>
            </array>
        </property>
    </bean>

    <bean class="org.mybatis.spring.mapper.MapperScannerConfigurer">
        <property name="basePackage" value="com.pingan.qhzx.anshao.platform.common.dao.pg" />
        <property name="sqlSessionFactoryBeanName" value="sqlSessionFactory" />
    </bean>
</beans>