<?xml version="1.0" encoding="UTF-8"?>
<!DOCTYPE generatorConfiguration
        PUBLIC "-//mybatis.org//DTD MyBatis Generator Configuration 1.0//EN"
        "http://mybatis.org/dtd/mybatis-generator-config_1_0.dtd">

<generatorConfiguration>
    <classPathEntry
            location="./lib_local/postgresql-9.0-801.jdbc4.jar"/>

    <context id="DB2Tables" targetRuntime="MyBatis3">
        <commentGenerator>
            <property name="suppressAllComments" value="true"/>
            <property name="suppressDate" value="false"/>
        </commentGenerator>

        <jdbcConnection driverClass="org.postgresql.Driver"
                        connectionURL="jdbc:postgresql://10.59.97.10:5432/ansir"
                        userId="ansir"
                        password="ansir">
        </jdbcConnection>

        <javaTypeResolver>
            <property name="forceBigDecimals" value="false"/>
        </javaTypeResolver>
        <!-- 实体定义地址 -->
        <javaModelGenerator targetPackage="com.pingan.qhzx.anshao.platform.common.dto.pg" targetProject="src/main/java">
            <property name="enableSubPackages" value="true"/>
            <property name="trimStrings" value="true"/>
            <property name="rootClass" value="com.pingan.qhzx.anshao.platform.common.dto.BaseDTO"/>
        </javaModelGenerator>
        <!-- sql的配置文件定义 -->
        <sqlMapGenerator targetPackage="mapper.postgresql" targetProject="src/main/resources/">
            <property name="enableSubPackages" value="true"/>
        </sqlMapGenerator>
        <!-- DAO定义 XMLMAPPER是xml的配置方式，还有ANNOTabelMapper的是注解方式 -->
        <javaClientGenerator type="XMLMAPPER" targetPackage="com.pingan.qhzx.anshao.platform.common.dao.pg" targetProject="src/main/java">
            <property name="enableSubPackages" value="true"/>
            <property name="rootInterface" value="com.pingan.qhzx.anshao.platform.common.dao.mybatis.BaseMapper"/>
        </javaClientGenerator>
        <!--<table tableName="t_dic" domainObjectName="Dic" enableCountByExample="false" enableUpdateByExample="false" enableDeleteByExample="false" enableSelectByExample="false" selectByExampleQueryId="false"> <generatedKey sqlStatement="select nextval('t_dic_dic_id_seq')" column="dic_id" identity="false" type="pre"/> </table>-->
        <!--<table tableName="t_dic_desc" domainObjectName="DicDesc" enableCountByExample="false" enableUpdateByExample="false" enableDeleteByExample="false" enableSelectByExample="false" selectByExampleQueryId="false"> <generatedKey sqlStatement="select nextval('t_dic_desc_dic_desc_id_seq')" column="dic_desc_id" identity="false" type="pre"/> </table>-->
        <!--<table tableName="t_mcht_corpus_ctx" domainObjectName="MchtCorpusCtx" enableCountByExample="false" enableUpdateByExample="false" enableDeleteByExample="false" enableSelectByExample="false" selectByExampleQueryId="false"> </table>-->
        <!--<table tableName="t_mcht_corpus_outline" domainObjectName="MchtCorpusOutline" enableCountByExample="false" enableUpdateByExample="false" enableDeleteByExample="false" enableSelectByExample="false" selectByExampleQueryId="false"> <generatedKey sqlStatement="select nextval('t_mcht_corpus_ctx_mcht_corpus_ctx_id_seq')" column="mcht_corpus_outline_id" identity="false" type="pre"/> </table>-->
        <!--<table tableName="t_mcht_robot" domainObjectName="MchtRobot" enableCountByExample="false" enableUpdateByExample="false" enableDeleteByExample="false" enableSelectByExample="false" selectByExampleQueryId="false"> <generatedKey sqlStatement="select nextval('t_mcht_robot_mcht_robot_id_seq')" column="mcht_robot_id" identity="false" type="pre"/> </table>-->
        <!--<table tableName="t_mcht_traffic_serial" domainObjectName="MchtTrafficSerial" enableCountByExample="false" enableUpdateByExample="false" enableDeleteByExample="false" enableSelectByExample="false" selectByExampleQueryId="false"> <generatedKey sqlStatement="select nextval('t_mcht_traffic_serial_mcht_traffic_serial_id_seq')" column="mcht_traffic_serial_id" identity="false" type="pre"/> </table>-->
        <!--<table tableName="t_mcht_user" domainObjectName="MchtUser" enableCountByExample="false" enableUpdateByExample="false" enableDeleteByExample="false" enableSelectByExample="false" selectByExampleQueryId="false"> <generatedKey sqlStatement="select nextval('t_mcht_user_mcht_user_id_seq')" column="mcht_user_id" identity="false" type="pre"/> </table>-->
        <!--<table tableName="t_mcht_user_auth" domainObjectName="MchtUserAuth" enableCountByExample="false" enableUpdateByExample="false" enableDeleteByExample="false" enableSelectByExample="false" selectByExampleQueryId="false"> <generatedKey sqlStatement="select nextval('t_mcht_user_auth_mcht_user_auth_id_seq')" column="mcht_user_auth_id" identity="false" type="pre"/> </table>-->
        <!--<table tableName="t_mcht_user_role" domainObjectName="MchtUserRole" enableCountByExample="false" enableUpdateByExample="false" enableDeleteByExample="false" enableSelectByExample="false" selectByExampleQueryId="false"> <generatedKey sqlStatement="select nextval('t_mcht_user_role_mcht_user_role_id_seq')" column="mcht_user_role_id" identity="false" type="pre"/> </table>-->
        <!--<table tableName="t_mcht_user_role_auth_rel" domainObjectName="MchtUserRoleAuthRel" enableCountByExample="false" enableUpdateByExample="false" enableDeleteByExample="false" enableSelectByExample="false" selectByExampleQueryId="false"> <generatedKey sqlStatement="select nextval('t_mcht_user_role_auth_rel_mcht_user_role_auth_rel_id_seq')" column="mcht_user_role_auth_rel_id" identity="false" type="pre"/> </table>-->
        <!--<table tableName="t_mcht_user_role_rel" domainObjectName="MchtUserRoleRel" enableCountByExample="false" enableUpdateByExample="false" enableDeleteByExample="false" enableSelectByExample="false" selectByExampleQueryId="false"> </table>-->
        <!--<table tableName="t_org" domainObjectName="Org" enableCountByExample="false" enableUpdateByExample="false" enableDeleteByExample="false" enableSelectByExample="false" selectByExampleQueryId="false"> <generatedKey sqlStatement="select nextval('t_org_org_id_seq')" column="org_id" identity="false" type="pre"/> </table>-->
        <!--<table tableName="t_traffic_account" domainObjectName="TrafficAccount" enableCountByExample="false" enableUpdateByExample="false" enableDeleteByExample="false" enableSelectByExample="false" selectByExampleQueryId="false"></table>-->
        <!--<table tableName="t_zsk_classify" domainObjectName="ZskClassify" enableCountByExample="false" enableUpdateByExample="false" enableDeleteByExample="false" enableSelectByExample="false" selectByExampleQueryId="false"> <generatedKey sqlStatement="select nextval('t_zsk_classify_zsk_classify_id_seq')" column="zsk_classify_id" identity="false" type="pre"/> </table>-->
        <!--<table tableName="t_mail_list" domainObjectName="MailList" enableCountByExample="false" enableUpdateByExample="false" enableDeleteByExample="false" enableSelectByExample="false" selectByExampleQueryId="false"> <generatedKey sqlStatement="select nextval('t_mail_list_mail_list_id_seq')" column="mail_list_id" identity="false" type="pre"/> </table>-->
        <!--<table tableName="t_qa_serial" domainObjectName="QaSerial" enableCountByExample="false" enableUpdateByExample="false" enableDeleteByExample="false" enableSelectByExample="false" selectByExampleQueryId="false"> <generatedKey sqlStatement="select nextval('t_qa_serial_qa_serial_id_seq')" column="qa_serial_id" identity="false" type="pre"/> </table>-->
        <table tableName="t_unknow_qa" domainObjectName="UnknownQa" enableCountByExample="false"
               enableUpdateByExample="false" enableDeleteByExample="false" enableSelectByExample="false"
               selectByExampleQueryId="false">
            <generatedKey sqlStatement="select nextval('t_unknow_qa_unknow_qa_id_seq')" column="unknow_qa_id"
                          identity="false" type="pre"/>
        </table>
    </context>
</generatorConfiguration>
