<?xml version="1.0" encoding="UTF-8"?>
<!DOCTYPE mapper PUBLIC "-//mybatis.org//DTD Mapper 3.0//EN" "http://mybatis.org/dtd/mybatis-3-mapper.dtd">
<mapper namespace="com.pingan.qhzx.anshao.platform.common.dao.pg.DicDescMapper">
  <resultMap id="BaseResultMap" type="com.pingan.qhzx.anshao.platform.common.dto.pg.DicDesc">
    <id column="dic_desc_id" jdbcType="INTEGER" property="dicDescId" />
    <result column="dic_code" jdbcType="VARCHAR" property="dicCode" />
    <result column="dic_desc" jdbcType="VARCHAR" property="dicDesc" />
  </resultMap>
  <sql id="Base_Column_List">
    dic_desc_id, dic_code, dic_desc
  </sql>
  <select id="selectByPrimaryKey" parameterType="java.lang.Integer" resultMap="BaseResultMap">
    select 
    <include refid="Base_Column_List" />
    from t_dic_desc
    where dic_desc_id = #{dicDescId,jdbcType=INTEGER}
  </select>
  <delete id="deleteByPrimaryKey" parameterType="java.lang.Integer">
    delete from t_dic_desc
    where dic_desc_id = #{dicDescId,jdbcType=INTEGER}
  </delete>
  <insert id="insert" parameterType="com.pingan.qhzx.anshao.platform.common.dto.pg.DicDesc">
    <selectKey keyProperty="dicDescId" order="BEFORE" resultType="java.lang.Integer">
      select nextval('t_dic_desc_dic_desc_id_seq')
    </selectKey>
    insert into t_dic_desc (dic_desc_id, dic_code, dic_desc
      )
    values (#{dicDescId,jdbcType=INTEGER}, #{dicCode,jdbcType=VARCHAR}, #{dicDesc,jdbcType=VARCHAR}
      )
  </insert>
  <insert id="insertSelective" parameterType="com.pingan.qhzx.anshao.platform.common.dto.pg.DicDesc">
    <selectKey keyProperty="dicDescId" order="BEFORE" resultType="java.lang.Integer">
      select nextval('t_dic_desc_dic_desc_id_seq')
    </selectKey>
    insert into t_dic_desc
    <trim prefix="(" suffix=")" suffixOverrides=",">
      dic_desc_id,
      <if test="dicCode != null">
        dic_code,
      </if>
      <if test="dicDesc != null">
        dic_desc,
      </if>
    </trim>
    <trim prefix="values (" suffix=")" suffixOverrides=",">
      #{dicDescId,jdbcType=INTEGER},
      <if test="dicCode != null">
        #{dicCode,jdbcType=VARCHAR},
      </if>
      <if test="dicDesc != null">
        #{dicDesc,jdbcType=VARCHAR},
      </if>
    </trim>
  </insert>
  <update id="updateByPrimaryKeySelective" parameterType="com.pingan.qhzx.anshao.platform.common.dto.pg.DicDesc">
    update t_dic_desc
    <set>
      <if test="dicCode != null">
        dic_code = #{dicCode,jdbcType=VARCHAR},
      </if>
      <if test="dicDesc != null">
        dic_desc = #{dicDesc,jdbcType=VARCHAR},
      </if>
    </set>
    where dic_desc_id = #{dicDescId,jdbcType=INTEGER}
  </update>
  <update id="updateByPrimaryKey" parameterType="com.pingan.qhzx.anshao.platform.common.dto.pg.DicDesc">
    update t_dic_desc
    set dic_code = #{dicCode,jdbcType=VARCHAR},
      dic_desc = #{dicDesc,jdbcType=VARCHAR}
    where dic_desc_id = #{dicDescId,jdbcType=INTEGER}
  </update>
</mapper>