<?xml version="1.0" encoding="UTF-8"?>
<!DOCTYPE mapper PUBLIC "-//mybatis.org//DTD Mapper 3.0//EN" "http://mybatis.org/dtd/mybatis-3-mapper.dtd">
<mapper namespace="com.pingan.qhzx.anshao.platform.common.dao.pg.DicMapper">
  <resultMap id="BaseResultMap" type="com.pingan.qhzx.anshao.platform.common.dto.pg.Dic">
    <id column="dic_id" jdbcType="INTEGER" property="dicId" />
    <result column="dic_code" jdbcType="VARCHAR" property="dicCode" />
    <result column="dic_key" jdbcType="VARCHAR" property="dicKey" />
    <result column="dic_value" jdbcType="VARCHAR" property="dicValue" />
    <result column="parent_id" jdbcType="INTEGER" property="parentId" />
  </resultMap>
  <sql id="Base_Column_List">
    dic_id, dic_code, dic_key, dic_value, parent_id
  </sql>
  <select id="selectByPrimaryKey" parameterType="java.lang.Integer" resultMap="BaseResultMap">
    select 
    <include refid="Base_Column_List" />
    from t_dic
    where dic_id = #{dicId,jdbcType=INTEGER}
  </select>
  <delete id="deleteByPrimaryKey" parameterType="java.lang.Integer">
    delete from t_dic
    where dic_id = #{dicId,jdbcType=INTEGER}
  </delete>
  <insert id="insert" parameterType="com.pingan.qhzx.anshao.platform.common.dto.pg.Dic">
    <selectKey keyProperty="dicId" order="BEFORE" resultType="java.lang.Integer">
      select nextval('t_dic_dic_id_seq')
    </selectKey>
    insert into t_dic (dic_id, dic_code, dic_key, 
      dic_value, parent_id)
    values (#{dicId,jdbcType=INTEGER}, #{dicCode,jdbcType=VARCHAR}, #{dicKey,jdbcType=VARCHAR}, 
      #{dicValue,jdbcType=VARCHAR}, #{parentId,jdbcType=INTEGER})
  </insert>
  <insert id="insertSelective" parameterType="com.pingan.qhzx.anshao.platform.common.dto.pg.Dic">
    <selectKey keyProperty="dicId" order="BEFORE" resultType="java.lang.Integer">
      select nextval('t_dic_dic_id_seq')
    </selectKey>
    insert into t_dic
    <trim prefix="(" suffix=")" suffixOverrides=",">
      dic_id,
      <if test="dicCode != null">
        dic_code,
      </if>
      <if test="dicKey != null">
        dic_key,
      </if>
      <if test="dicValue != null">
        dic_value,
      </if>
      <if test="parentId != null">
        parent_id,
      </if>
    </trim>
    <trim prefix="values (" suffix=")" suffixOverrides=",">
      #{dicId,jdbcType=INTEGER},
      <if test="dicCode != null">
        #{dicCode,jdbcType=VARCHAR},
      </if>
      <if test="dicKey != null">
        #{dicKey,jdbcType=VARCHAR},
      </if>
      <if test="dicValue != null">
        #{dicValue,jdbcType=VARCHAR},
      </if>
      <if test="parentId != null">
        #{parentId,jdbcType=INTEGER},
      </if>
    </trim>
  </insert>
  <update id="updateByPrimaryKeySelective" parameterType="com.pingan.qhzx.anshao.platform.common.dto.pg.Dic">
    update t_dic
    <set>
      <if test="dicCode != null">
        dic_code = #{dicCode,jdbcType=VARCHAR},
      </if>
      <if test="dicKey != null">
        dic_key = #{dicKey,jdbcType=VARCHAR},
      </if>
      <if test="dicValue != null">
        dic_value = #{dicValue,jdbcType=VARCHAR},
      </if>
      <if test="parentId != null">
        parent_id = #{parentId,jdbcType=INTEGER},
      </if>
    </set>
    where dic_id = #{dicId,jdbcType=INTEGER}
  </update>
  <update id="updateByPrimaryKey" parameterType="com.pingan.qhzx.anshao.platform.common.dto.pg.Dic">
    update t_dic
    set dic_code = #{dicCode,jdbcType=VARCHAR},
      dic_key = #{dicKey,jdbcType=VARCHAR},
      dic_value = #{dicValue,jdbcType=VARCHAR},
      parent_id = #{parentId,jdbcType=INTEGER}
    where dic_id = #{dicId,jdbcType=INTEGER}
  </update>
</mapper>