<?xml version="1.0" encoding="UTF-8"?>
<!DOCTYPE mapper PUBLIC "-//mybatis.org//DTD Mapper 3.0//EN" "http://mybatis.org/dtd/mybatis-3-mapper.dtd">
<mapper namespace="com.pingan.qhzx.anshao.platform.common.dao.pg.MailListMapper">
  <resultMap id="BaseResultMap" type="com.pingan.qhzx.anshao.platform.common.dto.pg.MailList">
    <id column="mail_list_id" jdbcType="INTEGER" property="mailListId" />
    <result column="recipients" jdbcType="VARCHAR" property="recipients" />
    <result column="cc" jdbcType="VARCHAR" property="cc" />
    <result column="mail_type" jdbcType="CHAR" property="mailType" />
    <result column="title" jdbcType="VARCHAR" property="title" />
    <result column="mail_content" jdbcType="VARCHAR" property="mailContent" />
    <result column="has_attach" jdbcType="BIT" property="hasAttach" />
    <result column="send_type" jdbcType="CHAR" property="sendType" />
    <result column="send_batch" jdbcType="INTEGER" property="sendBatch" />
    <result column="created_date" jdbcType="TIMESTAMP" property="createdDate" />
    <result column="created_by" jdbcType="VARCHAR" property="createdBy" />
    <result column="updated_date" jdbcType="TIMESTAMP" property="updatedDate" />
    <result column="updated_by" jdbcType="VARCHAR" property="updatedBy" />
  </resultMap>
  <sql id="Base_Column_List">
    mail_list_id, recipients, cc, mail_type, title, mail_content, has_attach, send_type, 
    send_batch, created_date, created_by, updated_date, updated_by
  </sql>
  <select id="selectByPrimaryKey" parameterType="java.lang.Integer" resultMap="BaseResultMap">
    select 
    <include refid="Base_Column_List" />
    from t_mail_list
    where mail_list_id = #{mailListId,jdbcType=INTEGER}
  </select>
  <delete id="deleteByPrimaryKey" parameterType="java.lang.Integer">
    delete from t_mail_list
    where mail_list_id = #{mailListId,jdbcType=INTEGER}
  </delete>
  <insert id="insert" parameterType="com.pingan.qhzx.anshao.platform.common.dto.pg.MailList">
    <selectKey keyProperty="mailListId" order="BEFORE" resultType="java.lang.Integer">
      select nextval('t_mail_list_mail_list_id_seq')
    </selectKey>
    insert into t_mail_list (mail_list_id, recipients, cc, 
      mail_type, title, mail_content, 
      has_attach, send_type, send_batch, 
      created_date, created_by, updated_date, 
      updated_by)
    values (#{mailListId,jdbcType=INTEGER}, #{recipients,jdbcType=VARCHAR}, #{cc,jdbcType=VARCHAR}, 
      #{mailType,jdbcType=CHAR}, #{title,jdbcType=VARCHAR}, #{mailContent,jdbcType=VARCHAR}, 
      #{hasAttach,jdbcType=BIT}, #{sendType,jdbcType=CHAR}, #{sendBatch,jdbcType=INTEGER}, 
      #{createdDate,jdbcType=TIMESTAMP}, #{createdBy,jdbcType=VARCHAR}, #{updatedDate,jdbcType=TIMESTAMP}, 
      #{updatedBy,jdbcType=VARCHAR})
  </insert>
  <insert id="insertSelective" parameterType="com.pingan.qhzx.anshao.platform.common.dto.pg.MailList">
    <selectKey keyProperty="mailListId" order="BEFORE" resultType="java.lang.Integer">
      select nextval('t_mail_list_mail_list_id_seq')
    </selectKey>
    insert into t_mail_list
    <trim prefix="(" suffix=")" suffixOverrides=",">
      mail_list_id,
      <if test="recipients != null">
        recipients,
      </if>
      <if test="cc != null">
        cc,
      </if>
      <if test="mailType != null">
        mail_type,
      </if>
      <if test="title != null">
        title,
      </if>
      <if test="mailContent != null">
        mail_content,
      </if>
      <if test="hasAttach != null">
        has_attach,
      </if>
      <if test="sendType != null">
        send_type,
      </if>
      <if test="sendBatch != null">
        send_batch,
      </if>
      <if test="createdDate != null">
        created_date,
      </if>
      <if test="createdBy != null">
        created_by,
      </if>
      <if test="updatedDate != null">
        updated_date,
      </if>
      <if test="updatedBy != null">
        updated_by,
      </if>
    </trim>
    <trim prefix="values (" suffix=")" suffixOverrides=",">
      #{mailListId,jdbcType=INTEGER},
      <if test="recipients != null">
        #{recipients,jdbcType=VARCHAR},
      </if>
      <if test="cc != null">
        #{cc,jdbcType=VARCHAR},
      </if>
      <if test="mailType != null">
        #{mailType,jdbcType=CHAR},
      </if>
      <if test="title != null">
        #{title,jdbcType=VARCHAR},
      </if>
      <if test="mailContent != null">
        #{mailContent,jdbcType=VARCHAR},
      </if>
      <if test="hasAttach != null">
        #{hasAttach,jdbcType=BIT},
      </if>
      <if test="sendType != null">
        #{sendType,jdbcType=CHAR},
      </if>
      <if test="sendBatch != null">
        #{sendBatch,jdbcType=INTEGER},
      </if>
      <if test="createdDate != null">
        #{createdDate,jdbcType=TIMESTAMP},
      </if>
      <if test="createdBy != null">
        #{createdBy,jdbcType=VARCHAR},
      </if>
      <if test="updatedDate != null">
        #{updatedDate,jdbcType=TIMESTAMP},
      </if>
      <if test="updatedBy != null">
        #{updatedBy,jdbcType=VARCHAR},
      </if>
    </trim>
  </insert>
  <update id="updateByPrimaryKeySelective" parameterType="com.pingan.qhzx.anshao.platform.common.dto.pg.MailList">
    update t_mail_list
    <set>
      <if test="recipients != null">
        recipients = #{recipients,jdbcType=VARCHAR},
      </if>
      <if test="cc != null">
        cc = #{cc,jdbcType=VARCHAR},
      </if>
      <if test="mailType != null">
        mail_type = #{mailType,jdbcType=CHAR},
      </if>
      <if test="title != null">
        title = #{title,jdbcType=VARCHAR},
      </if>
      <if test="mailContent != null">
        mail_content = #{mailContent,jdbcType=VARCHAR},
      </if>
      <if test="hasAttach != null">
        has_attach = #{hasAttach,jdbcType=BIT},
      </if>
      <if test="sendType != null">
        send_type = #{sendType,jdbcType=CHAR},
      </if>
      <if test="sendBatch != null">
        send_batch = #{sendBatch,jdbcType=INTEGER},
      </if>
      <if test="createdDate != null">
        created_date = #{createdDate,jdbcType=TIMESTAMP},
      </if>
      <if test="createdBy != null">
        created_by = #{createdBy,jdbcType=VARCHAR},
      </if>
      <if test="updatedDate != null">
        updated_date = #{updatedDate,jdbcType=TIMESTAMP},
      </if>
      <if test="updatedBy != null">
        updated_by = #{updatedBy,jdbcType=VARCHAR},
      </if>
    </set>
    where mail_list_id = #{mailListId,jdbcType=INTEGER}
  </update>
  <update id="updateByPrimaryKey" parameterType="com.pingan.qhzx.anshao.platform.common.dto.pg.MailList">
    update t_mail_list
    set recipients = #{recipients,jdbcType=VARCHAR},
      cc = #{cc,jdbcType=VARCHAR},
      mail_type = #{mailType,jdbcType=CHAR},
      title = #{title,jdbcType=VARCHAR},
      mail_content = #{mailContent,jdbcType=VARCHAR},
      has_attach = #{hasAttach,jdbcType=BIT},
      send_type = #{sendType,jdbcType=CHAR},
      send_batch = #{sendBatch,jdbcType=INTEGER},
      created_date = #{createdDate,jdbcType=TIMESTAMP},
      created_by = #{createdBy,jdbcType=VARCHAR},
      updated_date = #{updatedDate,jdbcType=TIMESTAMP},
      updated_by = #{updatedBy,jdbcType=VARCHAR}
    where mail_list_id = #{mailListId,jdbcType=INTEGER}
  </update>
</mapper>