<?xml version="1.0" encoding="UTF-8"?>
<!DOCTYPE mapper PUBLIC "-//mybatis.org//DTD Mapper 3.0//EN" "http://mybatis.org/dtd/mybatis-3-mapper.dtd">
<mapper namespace="com.pingan.qhzx.anshao.platform.common.dao.pg.MchtCorpusCtxMapper">
	<resultMap id="BaseResultMap" type="com.pingan.qhzx.anshao.platform.common.dto.pg.MchtCorpusCtx">
		<id column="mcht_corpus_ctx_id" jdbcType="BIGINT" property="mchtCorpusCtxId" />
		<result column="org_id" jdbcType="INTEGER" property="orgId" />
		<result column="zsk_classify_id" jdbcType="INTEGER" property="zskClassifyId" />
		<result column="exact_match_flag" jdbcType="VARCHAR" property="exactMatchFlag" />
		<result column="question" jdbcType="VARCHAR" property="question" />
		<result column="answer" jdbcType="VARCHAR" property="answer" />
		<result column="key_word" jdbcType="VARCHAR" property="keyWord" />
		<result column="expire_date" jdbcType="DATE" property="expireDate" />
		<result column="effective_flag" jdbcType="VARCHAR" property="effectiveFlag" />
		<result column="created_date" jdbcType="TIMESTAMP" property="createdDate" />
		<result column="created_by" jdbcType="VARCHAR" property="createdBy" />
		<result column="updated_date" jdbcType="TIMESTAMP" property="updatedDate" />
		<result column="updated_by" jdbcType="VARCHAR" property="updatedBy" />
	</resultMap>
	<resultMap id="QuestionAndAnswerMap" type="com.pingan.qhzx.anshao.platform.common.bean.QuestionAnswerBean"
		extends="BaseResultMap">
		<result column="classify_name" jdbcType="VARCHAR" property="classifyName" />
	</resultMap>
	<sql id="Base_Column_List">
		mcht_corpus_ctx_id, org_id, zsk_classify_id, exact_match_flag, question, answer,
		key_word, expire_date, effective_flag, created_date, created_by, updated_date, updated_by
	</sql>
    <resultMap id="BaseResultMapExt" type="com.pingan.qhzx.anshao.platform.common.dto.pg.MchtCorpusCtxExt">
        <id column="mcht_corpus_ctx_id" jdbcType="BIGINT" property="mchtCorpusCtxId" />
        <result column="org_id" jdbcType="INTEGER" property="orgId" />
        <result column="zsk_classify_id" jdbcType="INTEGER" property="zskClassifyId" />
        <result column="exact_match_flag" jdbcType="VARCHAR" property="exactMatchFlag" />
        <result column="question" jdbcType="VARCHAR" property="question" />
        <result column="answer" jdbcType="VARCHAR" property="answer" />
        <result column="key_word" jdbcType="VARCHAR" property="keyWord" />
        <result column="expire_date" jdbcType="DATE" property="expireDate" />
        <result column="effective_flag" jdbcType="VARCHAR" property="effectiveFlag" />
        <result column="created_date" jdbcType="TIMESTAMP" property="createdDate" />
        <result column="created_by" jdbcType="VARCHAR" property="createdBy" />
        <result column="updated_date" jdbcType="TIMESTAMP" property="updatedDate" />
        <result column="updated_by" jdbcType="VARCHAR" property="updatedBy" />
        <result column="classify_name" jdbcType="VARCHAR" property="classifyName" />

        <result column="exact_match_flag_str" jdbcType="VARCHAR" property="exactMatchFlagStr" />
        <result column="effective_flag_str" jdbcType="VARCHAR" property="effectiveFlagStr" />
    </resultMap>
    <sql id="Base_Column_ListExt">
        cc.mcht_corpus_ctx_id, cc.org_id, cc.zsk_classify_id, cc.exact_match_flag, cc.question, cc.answer,
        cc.key_word, cc.expire_date, cc.effective_flag, cc.created_date, cc.created_by, cc.updated_date, cc.updated_by,
        zc.classify_name,case when cc.effective_flag = '0' then '否' when cc.effective_flag = '1' then '是' else '否' end effective_flag_str,
        case when cc.exact_match_flag = '0' then '否' when cc.exact_match_flag = '1' then '是' else '否' end exact_match_flag_str

    </sql>
	<select id="selectByPrimaryKey" parameterType="java.lang.Long" resultMap="BaseResultMap">
		select
		<include refid="Base_Column_List" />
		from t_mcht_corpus_ctx
		where mcht_corpus_ctx_id = #{mchtCorpusCtxId,jdbcType=BIGINT}

	</select>
	<delete id="deleteByPrimaryKey" parameterType="java.lang.Long">
		delete from t_mcht_corpus_ctx
		where mcht_corpus_ctx_id = #{mchtCorpusCtxId,jdbcType=BIGINT}
	</delete>
	<insert id="insert" parameterType="com.pingan.qhzx.anshao.platform.common.dto.pg.MchtCorpusCtx">
		<selectKey keyProperty="mchtCorpusCtxId" order="BEFORE" resultType="java.lang.Long">
			select
			nextval('t_mcht_corpus_ctx_mcht_corpus_ctx_id_seq')
		</selectKey>
		insert into t_mcht_corpus_ctx (mcht_corpus_ctx_id, org_id, zsk_classify_id,
		exact_match_flag, question, answer,
		key_word, expire_date, effective_flag,
		created_date, created_by, updated_date,
		updated_by)
		values (#{mchtCorpusCtxId,jdbcType=BIGINT}, #{orgId,jdbcType=INTEGER},
		#{zskClassifyId,jdbcType=INTEGER},
		#{exactMatchFlag,jdbcType=VARCHAR}, #{question,jdbcType=VARCHAR}, #{answer,jdbcType=VARCHAR},
		#{keyWord,jdbcType=VARCHAR}, #{expireDate,jdbcType=DATE}, #{effectiveFlag,jdbcType=VARCHAR},
		#{createdDate,jdbcType=TIMESTAMP}, #{createdBy,jdbcType=VARCHAR},
		#{updatedDate,jdbcType=TIMESTAMP},
		#{updatedBy,jdbcType=VARCHAR})
	</insert>
	<insert id="insertSelective" parameterType="com.pingan.qhzx.anshao.platform.common.dto.pg.MchtCorpusCtx">
		<selectKey keyProperty="mchtCorpusCtxId" order="BEFORE" resultType="java.lang.Long">
			select
			nextval('t_mcht_corpus_ctx_mcht_corpus_ctx_id_seq')
		</selectKey>
		insert into t_mcht_corpus_ctx
		<trim prefix="(" suffix=")" suffixOverrides=",">
				mcht_corpus_ctx_id,
			<if test="orgId != null">
				org_id,
			</if>
			<if test="zskClassifyId != null">
				zsk_classify_id,
			</if>
			<if test="exactMatchFlag != null">
				exact_match_flag,
			</if>
			<if test="question != null">
				question,
			</if>
			<if test="answer != null">
				answer,
			</if>
			<if test="keyWord != null">
				key_word,
			</if>
			<if test="expireDate != null">
				expire_date,
			</if>
			<if test="effectiveFlag != null">
				effective_flag,
			</if>
			<if test="createdDate != null">
				created_date,
			</if>
			<if test="createdBy != null">
				created_by,
			</if>
			<if test="updatedDate != null">
				updated_date,
			</if>
			<if test="updatedBy != null">
				updated_by,
			</if>
		</trim>
		<trim prefix="values (" suffix=")" suffixOverrides=",">
				#{mchtCorpusCtxId,jdbcType=BIGINT},
			<if test="orgId != null">
				#{orgId,jdbcType=INTEGER},
			</if>
			<if test="zskClassifyId != null">
				#{zskClassifyId,jdbcType=INTEGER},
			</if>
			<if test="exactMatchFlag != null">
				#{exactMatchFlag,jdbcType=VARCHAR},
			</if>
			<if test="question != null">
				#{question,jdbcType=VARCHAR},
			</if>
			<if test="answer != null">
				#{answer,jdbcType=VARCHAR},
			</if>
			<if test="keyWord != null">
				#{keyWord,jdbcType=VARCHAR},
			</if>
			<if test="expireDate != null">
				#{expireDate,jdbcType=DATE},
			</if>
			<if test="effectiveFlag != null">
				#{effectiveFlag,jdbcType=VARCHAR},
			</if>
			<if test="createdDate != null">
				#{createdDate,jdbcType=TIMESTAMP},
			</if>
			<if test="createdBy != null">
				#{createdBy,jdbcType=VARCHAR},
			</if>
			<if test="updatedDate != null">
				#{updatedDate,jdbcType=TIMESTAMP},
			</if>
			<if test="updatedBy != null">
				#{updatedBy,jdbcType=VARCHAR},
			</if>
		</trim>
	</insert>
	<update id="updateByPrimaryKeySelective" parameterType="com.pingan.qhzx.anshao.platform.common.dto.pg.MchtCorpusCtx">
		update t_mcht_corpus_ctx
		<set>
			<if test="orgId != null">
				org_id = #{orgId,jdbcType=INTEGER},
			</if>
			<if test="zskClassifyId != null">
				zsk_classify_id = #{zskClassifyId,jdbcType=INTEGER},
			</if>
			<if test="exactMatchFlag != null">
				exact_match_flag = #{exactMatchFlag,jdbcType=VARCHAR},
			</if>
			<if test="question != null">
				question = #{question,jdbcType=VARCHAR},
			</if>
			<if test="answer != null">
				answer = #{answer,jdbcType=VARCHAR},
			</if>
			<if test="keyWord != null">
				key_word = #{keyWord,jdbcType=VARCHAR},
			</if>
			<if test="expireDate != null">
				expire_date = #{expireDate,jdbcType=DATE},
			</if>
			<if test="effectiveFlag != null">
				effective_flag = #{effectiveFlag,jdbcType=VARCHAR},
			</if>
			<if test="createdDate != null">
				created_date = #{createdDate,jdbcType=TIMESTAMP},
			</if>
			<if test="createdBy != null">
				created_by = #{createdBy,jdbcType=VARCHAR},
			</if>
			<if test="updatedDate != null">
				updated_date = #{updatedDate,jdbcType=TIMESTAMP},
			</if>
			<if test="updatedBy != null">
				updated_by = #{updatedBy,jdbcType=VARCHAR},
			</if>
		</set>
		where mcht_corpus_ctx_id = #{mchtCorpusCtxId,jdbcType=BIGINT}
	</update>
	<update id="updateByPrimaryKey" parameterType="com.pingan.qhzx.anshao.platform.common.dto.pg.MchtCorpusCtx">
		update t_mcht_corpus_ctx
		set org_id = #{orgId,jdbcType=INTEGER},
		zsk_classify_id = #{zskClassifyId,jdbcType=INTEGER},
		exact_match_flag = #{exactMatchFlag,jdbcType=VARCHAR},
		question = #{question,jdbcType=VARCHAR},
		answer = #{answer,jdbcType=VARCHAR},
		key_word = #{keyWord,jdbcType=VARCHAR},
		expire_date = #{expireDate,jdbcType=DATE},
		effective_flag = #{effectiveFlag,jdbcType=VARCHAR},
		created_date = #{createdDate,jdbcType=TIMESTAMP},
		created_by = #{createdBy,jdbcType=VARCHAR},
		updated_date = #{updatedDate,jdbcType=TIMESTAMP},
		updated_by = #{updatedBy,jdbcType=VARCHAR}
		where mcht_corpus_ctx_id = #{mchtCorpusCtxId,jdbcType=BIGINT}
	</update>
    <select id="selectMchtCorpusCtxList" parameterType="com.pingan.qhzx.anshao.platform.common.dto.pg.MchtCorpusCtx" resultMap="BaseResultMap">
        select
        <include refid="Base_Column_List" />
        from t_mcht_corpus_ctx
        <where>
            <if test="orgId != null and orgId !=''">
                org_id = #{orgId,jdbcType=INTEGER}
            </if>
            <if test="zskClassifyId != null and zskClassifyId !=''">
                and zsk_classify_id = #{zskClassifyId,jdbcType=INTEGER}
            </if>
        </where>
    </select>

	<select id="selectByParams" parameterType="java.util.Map" resultMap="BaseResultMapExt">
		select
		  <include refid="Base_Column_ListExt" />
		from t_mcht_corpus_ctx cc,t_zsk_classify zc
        where
            cc.zsk_classify_id = zc.zsk_classify_id
            <if test="mchtCorpusCtxIdList != null">
                and cc.mcht_corpus_ctx_id in
                <foreach collection="mchtCorpusCtxIdList" item="mchtCorpusCtxId" index="index"
                         open="(" close=")" separator=",">
                    #{mchtCorpusCtxId}
                </foreach>
            </if>
			<if test="orgId != null and orgId !=''">
				and cc.org_id = #{orgId,jdbcType=INTEGER}
			</if>
            <if test="zskClassifyId != null">
                and cc.zsk_classify_id = #{zskClassifyId,jdbcType=INTEGER}
            </if>
            <if test="exactMatchFlag != null">
                and exact_match_flag = #{exactMatchFlag,jdbcType=VARCHAR}
            </if>
            <if test="question != null">
				and question like '%' || #{question,jdbcType=VARCHAR} || '%'
            </if>
            <if test="queryStartDate != null">
                and cc.updated_date &gt;= #{queryStartDate,jdbcType=TIMESTAMP}
            </if>
            <if test="queryEndDate != null">
                and cc.updated_date &lt; #{queryEndDate,jdbcType=TIMESTAMP}
            </if>
        order by cc.updated_date desc
	</select>

	<update id="batchUpdate" parameterType="java.util.Map" >
		update t_mcht_corpus_ctx
		<set>
			<if test="newZskClassifyId != null">
				zsk_classify_id = #{newZskClassifyId,jdbcType=INTEGER},
			</if>
			<if test="newExactMatchFlag != null">
				exact_match_flag = #{newExactMatchFlag,jdbcType=VARCHAR},
			</if>
			<if test="newExpireDate != null">
				expire_date = #{newExpireDate,jdbcType=DATE},
			</if>
			<if test="updatedDate != null">
				updated_date = #{updatedDate,jdbcType=TIMESTAMP},
			</if>
			<if test="updatedBy != null">
				updated_by = #{updatedBy,jdbcType=VARCHAR},
			</if>
			<if test="effectiveFlag != null">
				effective_flag = #{effectiveFlag,jdbcType=VARCHAR},
			</if>
		</set>
		where
			org_id = #{orgId,jdbcType=INTEGER}
			<if test="zskClassifyId != null">
				and zsk_classify_id = #{zskClassifyId,jdbcType=INTEGER}
			</if>
			<if test="exactMatchFlag != null">
				and exact_match_flag = #{exactMatchFlag,jdbcType=VARCHAR}
			</if>
			<if test="question != null">
				and question like '%' || #{question,jdbcType=VARCHAR} || '%'
			</if>
			<if test="queryStartDate != null">
				and updated_date &gt;= #{queryStartDate,jdbcType=TIMESTAMP}
			</if>
			<if test="queryEndDate != null">
				and updated_date &lt; #{queryEndDate,jdbcType=TIMESTAMP}
			</if>

	</update>

	<select id="selMchtCorListByorgIdEffect" parameterType="com.pingan.qhzx.anshao.platform.common.dto.pg.MchtCorpusCtx"
		resultMap="BaseResultMap">
		select
		<include refid="Base_Column_List" />
		FROM
		t_mcht_corpus_ctx
		<where>
			<if test="orgId != null and orgId !=''">
				org_id = #{orgId,jdbcType=INTEGER}
			</if>
			<if test="effectiveFlag != null and effectiveFlag !=''">
				and effective_flag = #{effectiveFlag,jdbcType=VARCHAR}
			</if>
		</where>
	</select>
	
	<update id="updateCorpusStatus" parameterType="java.lang.String">
		update t_mcht_corpus_ctx
		set
		effective_flag = #{effectiveFlag,jdbcType=VARCHAR},
		updated_date = now(),
		updated_by = 'QHZX'
		where expire_date &lt;= now() and effective_flag = '1'
	</update>
	
</mapper>