<?xml version="1.0" encoding="UTF-8"?>
<!DOCTYPE mapper PUBLIC "-//mybatis.org//DTD Mapper 3.0//EN" "http://mybatis.org/dtd/mybatis-3-mapper.dtd">
<mapper namespace="com.pingan.qhzx.anshao.platform.common.dao.pg.MchtTrafficSerialMapper">
  <resultMap id="BaseResultMap" type="com.pingan.qhzx.anshao.platform.common.dto.pg.MchtTrafficSerial">
    <id column="mcht_traffic_serial_id" jdbcType="BIGINT" property="mchtTrafficSerialId" />
    <result column="org_id" jdbcType="INTEGER" property="orgId" />
    <result column="serial_type" jdbcType="VARCHAR" property="serialType" />
    <result column="serial_desc" jdbcType="VARCHAR" property="serialDesc" />
    <result column="occur_num" jdbcType="BIGINT" property="occurNum" />
    <result column="before_num" jdbcType="BIGINT" property="beforeNum" />
    <result column="after_num" jdbcType="BIGINT" property="afterNum" />
    <result column="target_id" jdbcType="BIGINT" property="targetId" />
    <result column="occur_date" jdbcType="DATE" property="occurDate" />
    <result column="created_date" jdbcType="TIMESTAMP" property="createdDate" />
    <result column="created_by" jdbcType="VARCHAR" property="createdBy" />
    <result column="charging_status" jdbcType="VARCHAR" property="chargingStatus"/>
    <result column="charging_batch_no" jdbcType="BIGINT" property="chargingBatchNo"/>
  </resultMap>
  <sql id="Base_Column_List">
    mcht_traffic_serial_id, org_id, serial_type, serial_desc, occur_num, before_num,
    after_num, target_id, occur_date, created_date, created_by, charging_status, charging_batch_no
  </sql>
  <resultMap id="BaseResultMapExt" type="com.pingan.qhzx.anshao.platform.common.dto.pg.MchtTrafficSerialExt">
    <id column="mcht_traffic_serial_id" jdbcType="BIGINT" property="mchtTrafficSerialId" />
    <result column="org_id" jdbcType="INTEGER" property="orgId" />
    <result column="serial_type" jdbcType="VARCHAR" property="serialType" />
    <result column="serial_desc" jdbcType="VARCHAR" property="serialDesc" />
    <result column="occur_num" jdbcType="BIGINT" property="occurNum" />
    <result column="before_num" jdbcType="BIGINT" property="beforeNum" />
    <result column="after_num" jdbcType="BIGINT" property="afterNum" />
    <result column="target_id" jdbcType="BIGINT" property="targetId" />
    <result column="occur_date" jdbcType="DATE" property="occurDate" />
    <result column="created_date" jdbcType="TIMESTAMP" property="createdDate" />
    <result column="created_by" jdbcType="VARCHAR" property="createdBy" />
    <result column="org_name" jdbcType="VARCHAR" property="orgName" />
    <result column="org_code" jdbcType="VARCHAR" property="orgCode" />
  </resultMap>
  <sql id="Base_Column_ListExt">
    s.mcht_traffic_serial_id, s.org_id, s.serial_type, s.serial_desc, s.occur_num, s.before_num, 
    s.after_num, s.target_id, s.occur_date, s.created_date, s.created_by, o.org_name, o.org_code
  </sql>
  <select id="selectByPrimaryKey" parameterType="java.lang.Long" resultMap="BaseResultMap">
    select 
    <include refid="Base_Column_List" />
    from t_mcht_traffic_serial
    where mcht_traffic_serial_id = #{mchtTrafficSerialId,jdbcType=BIGINT}
  </select>
  <delete id="deleteByPrimaryKey" parameterType="java.lang.Long">
    delete from t_mcht_traffic_serial
    where mcht_traffic_serial_id = #{mchtTrafficSerialId,jdbcType=BIGINT}
  </delete>
  <insert id="insert" parameterType="com.pingan.qhzx.anshao.platform.common.dto.pg.MchtTrafficSerial">
    <selectKey keyProperty="mchtTrafficSerialId" order="BEFORE" resultType="java.lang.Long">
      select nextval('t_mcht_traffic_serial_mcht_traffic_serial_id_seq')
    </selectKey>
    insert into t_mcht_traffic_serial (mcht_traffic_serial_id, org_id, serial_type, 
      serial_desc, occur_num, before_num, 
      after_num, target_id, occur_date,
    created_date, created_by,charging_status,charging_batch_no)
    values (#{mchtTrafficSerialId,jdbcType=BIGINT}, #{orgId,jdbcType=INTEGER}, #{serialType,jdbcType=VARCHAR}, 
      #{serialDesc,jdbcType=VARCHAR}, #{occurNum,jdbcType=BIGINT}, #{beforeNum,jdbcType=BIGINT}, 
      #{afterNum,jdbcType=BIGINT}, #{targetId,jdbcType=BIGINT}, #{occurDate,jdbcType=DATE},
    #{createdDate,jdbcType=TIMESTAMP}, #{createdBy,jdbcType=VARCHAR}, #{chargingStatus,jdbcType=VARCHAR},
    #{chargingBatchNo,jdbcType=BIGINT})
  </insert>
  <insert id="insertSelective" parameterType="com.pingan.qhzx.anshao.platform.common.dto.pg.MchtTrafficSerial">
    <selectKey keyProperty="mchtTrafficSerialId" order="BEFORE" resultType="java.lang.Long">
      select nextval('t_mcht_traffic_serial_mcht_traffic_serial_id_seq')
    </selectKey>
    insert into t_mcht_traffic_serial
    <trim prefix="(" suffix=")" suffixOverrides=",">
      mcht_traffic_serial_id,
      <if test="orgId != null">
        org_id,
      </if>
      <if test="serialType != null">
        serial_type,
      </if>
      <if test="serialDesc != null">
        serial_desc,
      </if>
      <if test="occurNum != null">
        occur_num,
      </if>
      <if test="beforeNum != null">
        before_num,
      </if>
      <if test="afterNum != null">
        after_num,
      </if>
      <if test="targetId != null">
        target_id,
      </if>
      <if test="occurDate != null">
        occur_date,
      </if>
      <if test="createdDate != null">
        created_date,
      </if>
      <if test="createdBy != null">
        created_by,
      </if>
      <if test="chargingStatus != null">
        charging_status,
      </if>
      <if test="chargingBatchNo != null">
        charging_batch_no,
      </if>
    </trim>
    <trim prefix="values (" suffix=")" suffixOverrides=",">
      #{mchtTrafficSerialId,jdbcType=BIGINT},
      <if test="orgId != null">
        #{orgId,jdbcType=INTEGER},
      </if>
      <if test="serialType != null">
        #{serialType,jdbcType=VARCHAR},
      </if>
      <if test="serialDesc != null">
        #{serialDesc,jdbcType=VARCHAR},
      </if>
      <if test="occurNum != null">
        #{occurNum,jdbcType=BIGINT},
      </if>
      <if test="beforeNum != null">
        #{beforeNum,jdbcType=BIGINT},
      </if>
      <if test="afterNum != null">
        #{afterNum,jdbcType=BIGINT},
      </if>
      <if test="targetId != null">
        #{targetId,jdbcType=BIGINT},
      </if>
      <if test="occurDate != null">
        #{occurDate,jdbcType=DATE},
      </if>
      <if test="createdDate != null">
        #{createdDate,jdbcType=TIMESTAMP},
      </if>
      <if test="createdBy != null">
        #{createdBy,jdbcType=VARCHAR},
      </if>
      <if test="chargingStatus != null">
        #{chargingStatus,jdbcType=VARCHAR},
      </if>
      <if test="chargingBatchNo != null">
        #{chargingBatchNo,jdbcType=BIGINT},
      </if>
    </trim>
  </insert>
  <update id="updateByPrimaryKeySelective" parameterType="com.pingan.qhzx.anshao.platform.common.dto.pg.MchtTrafficSerial">
    update t_mcht_traffic_serial
    <set>
      <if test="orgId != null">
        org_id = #{orgId,jdbcType=INTEGER},
      </if>
      <if test="serialType != null">
        serial_type = #{serialType,jdbcType=VARCHAR},
      </if>
      <if test="serialDesc != null">
        serial_desc = #{serialDesc,jdbcType=VARCHAR},
      </if>
      <if test="occurNum != null">
        occur_num = #{occurNum,jdbcType=BIGINT},
      </if>
      <if test="beforeNum != null">
        before_num = #{beforeNum,jdbcType=BIGINT},
      </if>
      <if test="afterNum != null">
        after_num = #{afterNum,jdbcType=BIGINT},
      </if>
      <if test="targetId != null">
        target_id = #{targetId,jdbcType=BIGINT},
      </if>
      <if test="occurDate != null">
        occur_date = #{occurDate,jdbcType=DATE},
      </if>
      <if test="createdDate != null">
        created_date = #{createdDate,jdbcType=TIMESTAMP},
      </if>
      <if test="createdBy != null">
        created_by = #{createdBy,jdbcType=VARCHAR},
      </if>
      <if test="chargingStatus != null">
        charging_status = #{chargingStatus,jdbcType=VARCHAR},
      </if>
      <if test="chargingBatchNo != null">
        charging_batch_no = #{chargingBatchNo,jdbcType=BIGINT},
      </if>
    </set>
    where mcht_traffic_serial_id = #{mchtTrafficSerialId,jdbcType=BIGINT}
  </update>
  <update id="updateByPrimaryKey" parameterType="com.pingan.qhzx.anshao.platform.common.dto.pg.MchtTrafficSerial">
    update t_mcht_traffic_serial
    set org_id          = #{orgId,jdbcType=INTEGER},
      serial_type       = #{serialType,jdbcType=VARCHAR},
      serial_desc       = #{serialDesc,jdbcType=VARCHAR},
      occur_num         = #{occurNum,jdbcType=BIGINT},
      before_num        = #{beforeNum,jdbcType=BIGINT},
      after_num         = #{afterNum,jdbcType=BIGINT},
      target_id         = #{targetId,jdbcType=BIGINT},
      occur_date        = #{occurDate,jdbcType=DATE},
      created_date      = #{createdDate,jdbcType=TIMESTAMP},
      created_by        = #{createdBy,jdbcType=VARCHAR},
      charging_status   = #{chargingStatus,jdbcType=VARCHAR},
      charging_batch_no = #{chargingBatchNo,jdbcType=BIGINT}
    where mcht_traffic_serial_id = #{mchtTrafficSerialId,jdbcType=BIGINT}
  </update>

  <select id="querySerialNo" resultType="string">
    select to_char(current_timestamp, 'YYYYMMDDHH24MI') || nextval('seq_serial_no')
  </select>

  <select id="queryNextChargingBatchNo" resultType="long">
    SELECT nextval('seq_charging_batch_no')
  </select>

  <update id="updateSerialBatchNo">
    update t_mcht_traffic_serial
    set charging_status = '2', charging_batch_no = #{batchNo}
    where charging_status = '0' and serial_type = 'O' and serial_desc = '智能问答'
    and org_id= #{orgId}
  </update>

  <update id="updateSerialChargingStatus">
    UPDATE t_mcht_traffic_serial
    SET charging_status = #{chargingStatus}
    WHERE charging_batch_no = #{batchNo}
  </update>

  <select id="selectByParams" parameterType="java.util.Map" resultMap="BaseResultMapExt">
    select <include refid="Base_Column_ListExt" /> from t_mcht_traffic_serial s , t_org o
	where 
	s.org_id = o.org_id
	<if test="orgCode != null">
		and o.org_code = #{orgCode,jdbcType=VARCHAR}
	</if>
	<if test="orgName != null">
		and o.org_name like '%'||#{orgName,jdbcType=VARCHAR}||'%' 
	</if>
	<if test="serialType != null">
	    and s.serial_type = #{serialType,jdbcType=VARCHAR}
	</if>
	<if test="startDate != null">
		and s.created_date &gt;= #{startDate,jdbcType=TIMESTAMP}
	</if>
	<if test="endDate != null">
		and s.created_date &lt; #{endDate,jdbcType=TIMESTAMP}
	</if>
	order by s.created_date desc
  </select>
	<select id="selectMchtTrafficSerialList"
		parameterType="com.pingan.qhzx.anshao.platform.common.dto.reportStatistics.SelectTrafficDTO"
		resultMap="BaseResultMap">
		select
		occur_date, serial_type, serial_desc, SUM (occur_num) as occur_num
		from t_mcht_traffic_serial
		<where>
			 <if test="orgId != null and orgId !='' ">
				org_id = #{orgId,jdbcType=INTEGER}
		      </if>
			<if test="serialType != null and serialType !='' ">
				and serial_type = #{serialType,jdbcType=VARCHAR}
			</if>
			<!-- <if test="startDate != null and startDate !='' ">
				and created_date &gt;= to_timestamp(#{startDate,jdbcType=VARCHAR}, 'yyyy-MM-dd HH24:mi:ss')
			</if>
			<if test="endDate != null and endDate !='' ">
				and created_date &lt; to_timestamp(#{endDate,jdbcType=VARCHAR}, 'yyyy-MM-dd HH24:mi:ss')
			</if> -->
			<if test="startDate != null and startDate !=''">
          		<![CDATA[
					and created_date >= #{startDate,jdbcType=TIMESTAMP}
				]]>
			</if>
			<if test="endDate != null and endDate !=''">
				<![CDATA[
					and created_date < #{endDate,jdbcType=TIMESTAMP}
				]]>
			</if>
			GROUP BY occur_date, serial_type, serial_desc
		</where>
		order by occur_date desc
	</select>

</mapper>