<?xml version="1.0" encoding="UTF-8"?>
<!DOCTYPE mapper PUBLIC "-//mybatis.org//DTD Mapper 3.0//EN" "http://mybatis.org/dtd/mybatis-3-mapper.dtd">
<mapper namespace="com.pingan.qhzx.anshao.platform.common.dao.pg.MchtRobotMapper">
	<resultMap id="BaseResultMap" type="com.pingan.qhzx.anshao.platform.common.dto.pg.MchtRobot">
		<id column="mcht_robot_id" jdbcType="INTEGER" property="mchtRobotId" />
		<result column="org_id" jdbcType="INTEGER" property="orgId" />
		<result column="robot_code" jdbcType="VARCHAR" property="robotCode" />
		<result column="robot_name" jdbcType="VARCHAR" property="robotName" />
		<result column="fuzzy_match_threshold" jdbcType="NUMERIC" property="fuzzyMatchThreshold" />
		<result column="fuzzy_match_switch" jdbcType="BIT" property="fuzzyMatchSwitch" />
		<result column="welcome_lang" jdbcType="VARCHAR" property="welcomeLang" />
		<result column="default_answer" jdbcType="VARCHAR" property="defaultAnswer" />
		<result column="created_date" jdbcType="TIMESTAMP" property="createdDate" />
		<result column="created_by" jdbcType="VARCHAR" property="createdBy" />
		<result column="updated_date" jdbcType="TIMESTAMP" property="updatedDate" />
		<result column="updated_by" jdbcType="VARCHAR" property="updatedBy" />
	</resultMap>
	<sql id="Base_Column_List">
		mcht_robot_id, org_id, robot_code, robot_name, fuzzy_match_threshold,
		fuzzy_match_switch,
		welcome_lang, default_answer, created_date, created_by, updated_date,
		updated_by
	</sql>
	<select id="selectByPrimaryKey" parameterType="java.lang.Integer" resultMap="BaseResultMap">
		select
		<include refid="Base_Column_List" />
		from t_mcht_robot
		where mcht_robot_id = #{mchtRobotId,jdbcType=INTEGER}
	</select>
	<delete id="deleteByPrimaryKey" parameterType="java.lang.Integer">
		delete from t_mcht_robot
		where
		mcht_robot_id = #{mchtRobotId,jdbcType=INTEGER}
	</delete>
	<insert id="insert" parameterType="com.pingan.qhzx.anshao.platform.common.dto.pg.MchtRobot">
		<selectKey keyProperty="mchtRobotId" order="BEFORE" resultType="java.lang.Integer">
			select
			nextval('t_mcht_robot_mcht_robot_id_seq')
		</selectKey>
		insert into t_mcht_robot (mcht_robot_id, org_id, robot_code,
		robot_name,
		fuzzy_match_threshold, fuzzy_match_switch,
		welcome_lang, default_answer, created_date,
		created_by, updated_date, updated_by
		)
		values (#{mchtRobotId,jdbcType=INTEGER},
		#{orgId,jdbcType=INTEGER}, #{robotCode,jdbcType=VARCHAR},
		#{robotName,jdbcType=VARCHAR},
		#{fuzzyMatchThreshold,jdbcType=NUMERIC},
		#{fuzzyMatchSwitch,jdbcType=BIT},
		#{welcomeLang,jdbcType=VARCHAR}, #{defaultAnswer,jdbcType=VARCHAR},
		#{createdDate,jdbcType=TIMESTAMP},
		#{createdBy,jdbcType=VARCHAR},
		#{updatedDate,jdbcType=TIMESTAMP},
		#{updatedBy,jdbcType=VARCHAR}
		)
	</insert>
	<insert id="insertSelective" parameterType="com.pingan.qhzx.anshao.platform.common.dto.pg.MchtRobot">
		<selectKey keyProperty="mchtRobotId" order="BEFORE" resultType="java.lang.Integer">
			select
			nextval('t_mcht_robot_mcht_robot_id_seq')
		</selectKey>
		insert into t_mcht_robot
		<trim prefix="(" suffix=")" suffixOverrides=",">
			mcht_robot_id,
			<if test="orgId != null">
				org_id,
			</if>
			<if test="robotCode != null">
				robot_code,
			</if>
			<if test="robotName != null">
				robot_name,
			</if>
			<if test="fuzzyMatchThreshold != null">
				fuzzy_match_threshold,
			</if>
			<if test="fuzzyMatchSwitch != null">
				fuzzy_match_switch,
			</if>
			<if test="welcomeLang != null">
				welcome_lang,
			</if>
			<if test="defaultAnswer != null">
				default_answer,
			</if>
			<if test="createdDate != null">
				created_date,
			</if>
			<if test="createdBy != null">
				created_by,
			</if>
			<if test="updatedDate != null">
				updated_date,
			</if>
			<if test="updatedBy != null">
				updated_by,
			</if>
		</trim>
		<trim prefix="values (" suffix=")" suffixOverrides=",">
			#{mchtRobotId,jdbcType=INTEGER},
			<if test="orgId != null">
				#{orgId,jdbcType=INTEGER},
			</if>
			<if test="robotCode != null">
				#{robotCode,jdbcType=VARCHAR},
			</if>
			<if test="robotName != null">
				#{robotName,jdbcType=VARCHAR},
			</if>
			<if test="fuzzyMatchThreshold != null">
				#{fuzzyMatchThreshold,jdbcType=NUMERIC},
			</if>
			<if test="fuzzyMatchSwitch != null">
				#{fuzzyMatchSwitch,jdbcType=BIT},
			</if>
			<if test="welcomeLang != null">
				#{welcomeLang,jdbcType=VARCHAR},
			</if>
			<if test="defaultAnswer != null">
				#{defaultAnswer,jdbcType=VARCHAR},
			</if>
			<if test="createdDate != null">
				#{createdDate,jdbcType=TIMESTAMP},
			</if>
			<if test="createdBy != null">
				#{createdBy,jdbcType=VARCHAR},
			</if>
			<if test="updatedDate != null">
				#{updatedDate,jdbcType=TIMESTAMP},
			</if>
			<if test="updatedBy != null">
				#{updatedBy,jdbcType=VARCHAR},
			</if>
		</trim>
	</insert>
	<update id="updateByPrimaryKeySelective" parameterType="com.pingan.qhzx.anshao.platform.common.dto.pg.MchtRobot">
		update t_mcht_robot
		<set>
			<if test="orgId != null">
				org_id = #{orgId,jdbcType=INTEGER},
			</if>
			<if test="robotCode != null">
				robot_code = #{robotCode,jdbcType=VARCHAR},
			</if>
			<if test="robotName != null">
				robot_name = #{robotName,jdbcType=VARCHAR},
			</if>
			<if test="fuzzyMatchThreshold != null">
				fuzzy_match_threshold = #{fuzzyMatchThreshold,jdbcType=NUMERIC},
			</if>
			<if test="fuzzyMatchSwitch != null">
				fuzzy_match_switch = #{fuzzyMatchSwitch,jdbcType=BIT},
			</if>
			<if test="welcomeLang != null">
				welcome_lang = #{welcomeLang,jdbcType=VARCHAR},
			</if>
			<if test="defaultAnswer != null">
				default_answer = #{defaultAnswer,jdbcType=VARCHAR},
			</if>
			<if test="createdDate != null">
				created_date = #{createdDate,jdbcType=TIMESTAMP},
			</if>
			<if test="createdBy != null">
				created_by = #{createdBy,jdbcType=VARCHAR},
			</if>
			<if test="updatedDate != null">
				updated_date = #{updatedDate,jdbcType=TIMESTAMP},
			</if>
			<if test="updatedBy != null">
				updated_by = #{updatedBy,jdbcType=VARCHAR},
			</if>
		</set>
		where mcht_robot_id = #{mchtRobotId,jdbcType=INTEGER}
	</update>
	<update id="updateByPrimaryKey" parameterType="com.pingan.qhzx.anshao.platform.common.dto.pg.MchtRobot">
		update t_mcht_robot
		set org_id =
		#{orgId,jdbcType=INTEGER},
		robot_code = #{robotCode,jdbcType=VARCHAR},
		robot_name =
		#{robotName,jdbcType=VARCHAR},
		fuzzy_match_threshold =
		#{fuzzyMatchThreshold,jdbcType=NUMERIC},
		fuzzy_match_switch =
		#{fuzzyMatchSwitch,jdbcType=BIT},
		welcome_lang = #{welcomeLang,jdbcType=VARCHAR},
		default_answer = #{defaultAnswer,jdbcType=VARCHAR},
		created_date =
		#{createdDate,jdbcType=TIMESTAMP},
		created_by = #{createdBy,jdbcType=VARCHAR},
		updated_date =
		#{updatedDate,jdbcType=TIMESTAMP},
		updated_by = #{updatedBy,jdbcType=VARCHAR}
		where
		mcht_robot_id = #{mchtRobotId,jdbcType=INTEGER}
	</update>
	<select id="selectMchtRobotByOrgId" parameterType="java.lang.Integer" resultMap="BaseResultMap">
		select
		<include refid="Base_Column_List" />
		from t_mcht_robot
		where org_id = #{orgId,jdbcType=INTEGER}
	</select>

	<select id="selectRobotByOrgCode" parameterType="java.lang.String" resultMap="BaseResultMap">
		select
			<include refid="Base_Column_List" />
		from t_mcht_robot r where r.org_id=(select o.org_id from t_org o where o.org_code=#{orgCode})
	</select>
</mapper>