<?xml version="1.0" encoding="UTF-8"?>
<!DOCTYPE mapper PUBLIC "-//mybatis.org//DTD Mapper 3.0//EN" "http://mybatis.org/dtd/mybatis-3-mapper.dtd">
<mapper namespace="com.pingan.qhzx.anshao.platform.common.dao.pg.MchtUserRoleMapper">
  <resultMap id="BaseResultMap" type="com.pingan.qhzx.anshao.platform.common.dto.pg.MchtUserRole">
    <id column="mcht_user_role_id" jdbcType="INTEGER" property="mchtUserRoleId" />
    <result column="org_id" jdbcType="INTEGER" property="orgId" />
    <result column="role_code" jdbcType="VARCHAR" property="roleCode" />
    <result column="role_name" jdbcType="VARCHAR" property="roleName" />
    <result column="role_desc" jdbcType="VARCHAR" property="roleDesc" />
    <result column="created_date" jdbcType="TIMESTAMP" property="createdDate" />
    <result column="created_by" jdbcType="VARCHAR" property="createdBy" />
    <result column="updated_date" jdbcType="TIMESTAMP" property="updatedDate" />
    <result column="updated_by" jdbcType="VARCHAR" property="updatedBy" />
  </resultMap>
  <sql id="Base_Column_List">
    mcht_user_role_id, org_id, role_code, role_name, role_desc, created_date, created_by, 
    updated_date, updated_by
  </sql>
  
  <sql id="Ext_Column_List">
    ro.mcht_user_role_id, ro.org_id, ro.role_code, ro.role_name, ro.role_desc, ro.created_date, ro.created_by, 
    ro.updated_date, ro.updated_by
  </sql>
  
  <select id="selectByPrimaryKey" parameterType="java.lang.Integer" resultMap="BaseResultMap">
    select 
    <include refid="Base_Column_List" />
    from t_mcht_user_role
    where mcht_user_role_id = #{mchtUserRoleId,jdbcType=INTEGER}
  </select>
  <delete id="deleteByPrimaryKey" parameterType="java.lang.Integer">
    delete from t_mcht_user_role
    where mcht_user_role_id = #{mchtUserRoleId,jdbcType=INTEGER}
  </delete>
  <insert id="insert" parameterType="com.pingan.qhzx.anshao.platform.common.dto.pg.MchtUserRole">
    <selectKey keyProperty="mchtUserRoleId" order="BEFORE" resultType="java.lang.Integer">
      select nextval('t_mcht_user_role_mcht_user_role_id_seq')
    </selectKey>
    insert into t_mcht_user_role (mcht_user_role_id, org_id, role_code, 
      role_name, role_desc, created_date, 
      created_by, updated_date, updated_by
      )
    values (#{mchtUserRoleId,jdbcType=INTEGER}, #{orgId,jdbcType=INTEGER}, #{roleCode,jdbcType=VARCHAR}, 
      #{roleName,jdbcType=VARCHAR}, #{roleDesc,jdbcType=VARCHAR}, #{createdDate,jdbcType=TIMESTAMP}, 
      #{createdBy,jdbcType=VARCHAR}, #{updatedDate,jdbcType=TIMESTAMP}, #{updatedBy,jdbcType=VARCHAR}
      )
  </insert>
  <insert id="insertSelective" parameterType="com.pingan.qhzx.anshao.platform.common.dto.pg.MchtUserRole">
    <selectKey keyProperty="mchtUserRoleId" order="BEFORE" resultType="java.lang.Integer">
      select nextval('t_mcht_user_role_mcht_user_role_id_seq')
    </selectKey>
    insert into t_mcht_user_role
    <trim prefix="(" suffix=")" suffixOverrides=",">
      mcht_user_role_id,
      <if test="orgId != null">
        org_id,
      </if>
      <if test="roleCode != null">
        role_code,
      </if>
      <if test="roleName != null">
        role_name,
      </if>
      <if test="roleDesc != null">
        role_desc,
      </if>
      <if test="createdDate != null">
        created_date,
      </if>
      <if test="createdBy != null">
        created_by,
      </if>
      <if test="updatedDate != null">
        updated_date,
      </if>
      <if test="updatedBy != null">
        updated_by,
      </if>
    </trim>
    <trim prefix="values (" suffix=")" suffixOverrides=",">
      #{mchtUserRoleId,jdbcType=INTEGER},
      <if test="orgId != null">
        #{orgId,jdbcType=INTEGER},
      </if>
      <if test="roleCode != null">
        #{roleCode,jdbcType=VARCHAR},
      </if>
      <if test="roleName != null">
        #{roleName,jdbcType=VARCHAR},
      </if>
      <if test="roleDesc != null">
        #{roleDesc,jdbcType=VARCHAR},
      </if>
      <if test="createdDate != null">
        #{createdDate,jdbcType=TIMESTAMP},
      </if>
      <if test="createdBy != null">
        #{createdBy,jdbcType=VARCHAR},
      </if>
      <if test="updatedDate != null">
        #{updatedDate,jdbcType=TIMESTAMP},
      </if>
      <if test="updatedBy != null">
        #{updatedBy,jdbcType=VARCHAR},
      </if>
    </trim>
  </insert>
  <update id="updateByPrimaryKeySelective" parameterType="com.pingan.qhzx.anshao.platform.common.dto.pg.MchtUserRole">
    update t_mcht_user_role
    <set>
      <if test="orgId != null">
        org_id = #{orgId,jdbcType=INTEGER},
      </if>
      <if test="roleCode != null">
        role_code = #{roleCode,jdbcType=VARCHAR},
      </if>
      <if test="roleName != null">
        role_name = #{roleName,jdbcType=VARCHAR},
      </if>
      <if test="roleDesc != null">
        role_desc = #{roleDesc,jdbcType=VARCHAR},
      </if>
      <if test="createdDate != null">
        created_date = #{createdDate,jdbcType=TIMESTAMP},
      </if>
      <if test="createdBy != null">
        created_by = #{createdBy,jdbcType=VARCHAR},
      </if>
      <if test="updatedDate != null">
        updated_date = #{updatedDate,jdbcType=TIMESTAMP},
      </if>
      <if test="updatedBy != null">
        updated_by = #{updatedBy,jdbcType=VARCHAR},
      </if>
    </set>
    where mcht_user_role_id = #{mchtUserRoleId,jdbcType=INTEGER}
  </update>
  <update id="updateByPrimaryKey" parameterType="com.pingan.qhzx.anshao.platform.common.dto.pg.MchtUserRole">
    update t_mcht_user_role
    set org_id = #{orgId,jdbcType=INTEGER},
      role_code = #{roleCode,jdbcType=VARCHAR},
      role_name = #{roleName,jdbcType=VARCHAR},
      role_desc = #{roleDesc,jdbcType=VARCHAR},
      created_date = #{createdDate,jdbcType=TIMESTAMP},
      created_by = #{createdBy,jdbcType=VARCHAR},
      updated_date = #{updatedDate,jdbcType=TIMESTAMP},
      updated_by = #{updatedBy,jdbcType=VARCHAR}
    where mcht_user_role_id = #{mchtUserRoleId,jdbcType=INTEGER}
  </update>
  
  <select id="selectByUserIdOrgId" resultMap="BaseResultMap">
    select
    ro.mcht_user_role_id,
    ro.role_code, 
    ro.role_name, 
    ro.role_desc
    from t_mcht_user_role ro
    inner join
    t_mcht_user_role_rel rrl
    on
    ro.mcht_user_role_id = rrl.mcht_user_role_id
    and
    rrl.mcht_user_id = #{mchtUserId, jdbcType=INTEGER}
    and
    rrl.org_id = #{orgId, jdbcType=INTEGER}
  </select>
  
  <select id="queryRoleList" resultMap="BaseResultMap">
    select
    ro.mcht_user_role_id,
    ro.org_id,
    ro.role_code, 
    ro.role_name, 
    ro.role_desc,
    ro.created_date,
    ro.created_by,
    ro.updated_date
    from t_mcht_user_role ro
    where (ro.created_by = #{loginName, jdbcType=VARCHAR}
    or ro.org_id = #{orgId, jdbcType=INTEGER})
    order by ro.updated_date desc
  </select>
  
  <select id="queryAllRoleList" resultMap="BaseResultMap">
    select
    ro.mcht_user_role_id,
    ro.org_id,
    ro.role_code, 
    ro.role_name, 
    ro.role_desc,
    ro.created_date,
    ro.created_by,
    ro.updated_date
    from t_mcht_user_role ro
    order by ro.updated_date desc
  </select>
  
  <select id="selectPaterRoleCount" resultType="java.lang.Long">
    select
    count(1)
    from t_mcht_user_role ro
    inner join
    t_org org
    on
    org.org_type = 'PARTNER'
    and
    org.org_id = ro.org_id
    and
    org.org_status = '1'
    where  ro.org_id = #{orgId, jdbcType=INTEGER}
  </select>
  
  <select id="queryCountByRoleName" resultType="java.lang.Long">
    select
    count(1)
    from t_mcht_user_role ro
    <where>
      <if test="mchtUserRoleId != null">
       <![CDATA[ and mcht_user_role_id <> #{mchtUserRoleId,jdbcType=BIGINT} ]]>
      </if>
      <if test="roleName != null">
        and role_name = #{roleName,jdbcType=VARCHAR}
      </if>
    </where>
  </select>
  
  <select id="queryUserUpdateSelectList" resultMap="BaseResultMap">
    select
    mcht_user_role_id,
    role_name
    from t_mcht_user_role
    where org_id = #{orgId, jdbcType=INTEGER}
    and created_by = #{loginName, jdbcType=VARCHAR}
  </select>
  
  <select id="queryUserQuerySelectList" resultMap="BaseResultMap">
    select
    mcht_user_role_id,
    role_name
    from t_mcht_user_role
    where org_id = #{orgId, jdbcType=INTEGER}
    or created_by = #{loginName, jdbcType=VARCHAR}
  </select>
  
    <select id="selectRoleInfoByPrimaryKey" parameterType="java.lang.Integer" resultType="com.pingan.qhzx.anshao.platform.common.dto.pg.MchtUserRole">
    select 
    ro.mcht_user_role_id as mchtUserRoleId,
    ro.org_id as orgId,
    ro.role_code as roleCode,
    ro.role_name as roleName,
    ro.role_desc as roleDesc,
    ro.created_date as createdDate,
    ro.created_by as createdBy, 
    ro.updated_date as updatedDate,
    ro.updated_by as updatedBy,
    o.org_name as orgName
    from t_mcht_user_role ro
    left join
    t_org o
    on
    ro.org_id = o.org_id
    where mcht_user_role_id = #{mchtUserRoleId,jdbcType=INTEGER}
  </select>
  
</mapper>