<?xml version="1.0" encoding="UTF-8"?>
<!DOCTYPE mapper PUBLIC "-//mybatis.org//DTD Mapper 3.0//EN" "http://mybatis.org/dtd/mybatis-3-mapper.dtd">
<mapper namespace="com.pingan.qhzx.anshao.platform.common.dao.pg.MchtUserRoleAuthRelMapper">
  <resultMap id="BaseResultMap" type="com.pingan.qhzx.anshao.platform.common.dto.pg.MchtUserRoleAuthRel">
    <id column="mcht_user_role_auth_rel_id" jdbcType="INTEGER" property="mchtUserRoleAuthRelId" />
    <result column="mcht_user_role_id" jdbcType="INTEGER" property="mchtUserRoleId" />
    <result column="mcht_user_auth_id" jdbcType="INTEGER" property="mchtUserAuthId" />
    <result column="created_date" jdbcType="TIMESTAMP" property="createdDate" />
    <result column="created_by" jdbcType="VARCHAR" property="createdBy" />
    <result column="updated_date" jdbcType="TIMESTAMP" property="updatedDate" />
    <result column="updated_by" jdbcType="VARCHAR" property="updatedBy" />
  </resultMap>
  <sql id="Base_Column_List">
    mcht_user_role_auth_rel_id, mcht_user_role_id, mcht_user_auth_id, created_date, created_by, 
    updated_date, updated_by
  </sql>
  <select id="selectByPrimaryKey" parameterType="java.lang.Integer" resultMap="BaseResultMap">
    select 
    <include refid="Base_Column_List" />
    from t_mcht_user_role_auth_rel
    where mcht_user_role_auth_rel_id = #{mchtUserRoleAuthRelId,jdbcType=INTEGER}
  </select>
  <delete id="deleteByPrimaryKey" parameterType="java.lang.Integer">
    delete from t_mcht_user_role_auth_rel
    where mcht_user_role_auth_rel_id = #{mchtUserRoleAuthRelId,jdbcType=INTEGER}
  </delete>
  <insert id="insert" parameterType="com.pingan.qhzx.anshao.platform.common.dto.pg.MchtUserRoleAuthRel">
    <selectKey keyProperty="mchtUserRoleAuthRelId" order="BEFORE" resultType="java.lang.Integer">
      select nextval('t_mcht_user_role_auth_rel_mcht_user_role_auth_rel_id_seq')
    </selectKey>
    insert into t_mcht_user_role_auth_rel (mcht_user_role_auth_rel_id, mcht_user_role_id, 
      mcht_user_auth_id, created_date, created_by, 
      updated_date, updated_by)
    values (#{mchtUserRoleAuthRelId,jdbcType=INTEGER}, #{mchtUserRoleId,jdbcType=INTEGER}, 
      #{mchtUserAuthId,jdbcType=INTEGER}, #{createdDate,jdbcType=TIMESTAMP}, #{createdBy,jdbcType=VARCHAR}, 
      #{updatedDate,jdbcType=TIMESTAMP}, #{updatedBy,jdbcType=VARCHAR})
  </insert>
  <insert id="insertSelective" parameterType="com.pingan.qhzx.anshao.platform.common.dto.pg.MchtUserRoleAuthRel">
    <selectKey keyProperty="mchtUserRoleAuthRelId" order="BEFORE" resultType="java.lang.Integer">
      select nextval('t_mcht_user_role_auth_rel_mcht_user_role_auth_rel_id_seq')
    </selectKey>
    insert into t_mcht_user_role_auth_rel
    <trim prefix="(" suffix=")" suffixOverrides=",">
      mcht_user_role_auth_rel_id,
      <if test="mchtUserRoleId != null">
        mcht_user_role_id,
      </if>
      <if test="mchtUserAuthId != null">
        mcht_user_auth_id,
      </if>
      <if test="createdDate != null">
        created_date,
      </if>
      <if test="createdBy != null">
        created_by,
      </if>
      <if test="updatedDate != null">
        updated_date,
      </if>
      <if test="updatedBy != null">
        updated_by,
      </if>
    </trim>
    <trim prefix="values (" suffix=")" suffixOverrides=",">
      #{mchtUserRoleAuthRelId,jdbcType=INTEGER},
      <if test="mchtUserRoleId != null">
        #{mchtUserRoleId,jdbcType=INTEGER},
      </if>
      <if test="mchtUserAuthId != null">
        #{mchtUserAuthId,jdbcType=INTEGER},
      </if>
      <if test="createdDate != null">
        #{createdDate,jdbcType=TIMESTAMP},
      </if>
      <if test="createdBy != null">
        #{createdBy,jdbcType=VARCHAR},
      </if>
      <if test="updatedDate != null">
        #{updatedDate,jdbcType=TIMESTAMP},
      </if>
      <if test="updatedBy != null">
        #{updatedBy,jdbcType=VARCHAR},
      </if>
    </trim>
  </insert>
  <update id="updateByPrimaryKeySelective" parameterType="com.pingan.qhzx.anshao.platform.common.dto.pg.MchtUserRoleAuthRel">
    update t_mcht_user_role_auth_rel
    <set>
      <if test="mchtUserRoleId != null">
        mcht_user_role_id = #{mchtUserRoleId,jdbcType=INTEGER},
      </if>
      <if test="mchtUserAuthId != null">
        mcht_user_auth_id = #{mchtUserAuthId,jdbcType=INTEGER},
      </if>
      <if test="createdDate != null">
        created_date = #{createdDate,jdbcType=TIMESTAMP},
      </if>
      <if test="createdBy != null">
        created_by = #{createdBy,jdbcType=VARCHAR},
      </if>
      <if test="updatedDate != null">
        updated_date = #{updatedDate,jdbcType=TIMESTAMP},
      </if>
      <if test="updatedBy != null">
        updated_by = #{updatedBy,jdbcType=VARCHAR},
      </if>
    </set>
    where mcht_user_role_auth_rel_id = #{mchtUserRoleAuthRelId,jdbcType=INTEGER}
  </update>
  <update id="updateByPrimaryKey" parameterType="com.pingan.qhzx.anshao.platform.common.dto.pg.MchtUserRoleAuthRel">
    update t_mcht_user_role_auth_rel
    set mcht_user_role_id = #{mchtUserRoleId,jdbcType=INTEGER},
      mcht_user_auth_id = #{mchtUserAuthId,jdbcType=INTEGER},
      created_date = #{createdDate,jdbcType=TIMESTAMP},
      created_by = #{createdBy,jdbcType=VARCHAR},
      updated_date = #{updatedDate,jdbcType=TIMESTAMP},
      updated_by = #{updatedBy,jdbcType=VARCHAR}
    where mcht_user_role_auth_rel_id = #{mchtUserRoleAuthRelId,jdbcType=INTEGER}
  </update>
  
  <delete id="deleteByMchtUserRoleId" parameterType="java.lang.Integer">
    delete from t_mcht_user_role_auth_rel
    where mcht_user_role_id = #{mchtUserRoleId,jdbcType=INTEGER}
  </delete>
  
  <select id="selectByRoleId" parameterType="java.lang.Integer" resultMap="BaseResultMap">
    select 
    mcht_user_role_id,
    mcht_user_auth_id
    from t_mcht_user_role_auth_rel
    where mcht_user_role_id = #{mchtUserRoleId,jdbcType=INTEGER}
  </select>
  
</mapper>