<?xml version="1.0" encoding="UTF-8"?>
<!DOCTYPE mapper PUBLIC "-//mybatis.org//DTD Mapper 3.0//EN" "http://mybatis.org/dtd/mybatis-3-mapper.dtd">
<mapper namespace="com.pingan.qhzx.anshao.platform.common.dao.pg.MchtUserRoleRelMapper">
  <resultMap id="BaseResultMap" type="com.pingan.qhzx.anshao.platform.common.dto.pg.MchtUserRoleRel">
    <id column="mcht_user_role_rel_id" jdbcType="INTEGER" property="mchtUserRoleRelId" />
    <result column="mcht_user_role_id" jdbcType="INTEGER" property="mchtUserRoleId" />
    <result column="org_id" jdbcType="INTEGER" property="orgId" />
    <result column="mcht_user_id" jdbcType="INTEGER" property="mchtUserId" />
    <result column="created_date" jdbcType="TIMESTAMP" property="createdDate" />
    <result column="created_by" jdbcType="VARCHAR" property="createdBy" />
  </resultMap>
  <sql id="Base_Column_List">
    mcht_user_role_rel_id, mcht_user_role_id, org_id, mcht_user_id, created_date, created_by
  </sql>
  <select id="selectByPrimaryKey" parameterType="java.lang.Integer" resultMap="BaseResultMap">
    select 
    <include refid="Base_Column_List" />
    from t_mcht_user_role_rel
    where mcht_user_role_rel_id = #{mchtUserRoleRelId,jdbcType=INTEGER}
  </select>
  <delete id="deleteByPrimaryKey" parameterType="java.lang.Integer">
    delete from t_mcht_user_role_rel
    where mcht_user_role_rel_id = #{mchtUserRoleRelId,jdbcType=INTEGER}
  </delete>
  <insert id="insert" parameterType="com.pingan.qhzx.anshao.platform.common.dto.pg.MchtUserRoleRel">
    <selectKey keyProperty="mchtUserRoleRelId" order="BEFORE" resultType="java.lang.Integer">
		select nextval('t_mcht_user_role_rel_mcht_user_role_rel_id_seq')
    </selectKey>
    insert into t_mcht_user_role_rel (mcht_user_role_rel_id, mcht_user_role_id, 
      org_id, mcht_user_id, created_date, 
      created_by)
    values (#{mchtUserRoleRelId,jdbcType=INTEGER}, #{mchtUserRoleId,jdbcType=INTEGER}, 
      #{orgId,jdbcType=INTEGER}, #{mchtUserId,jdbcType=INTEGER}, #{createdDate,jdbcType=TIMESTAMP}, 
      #{createdBy,jdbcType=VARCHAR})
  </insert>
  <insert id="insertSelective" parameterType="com.pingan.qhzx.anshao.platform.common.dto.pg.MchtUserRoleRel">
    <selectKey keyProperty="mchtUserRoleRelId" order="BEFORE" resultType="java.lang.Integer">
		select
			nextval('t_mcht_user_role_rel_mcht_user_role_rel_id_seq')
	</selectKey>
    insert into t_mcht_user_role_rel
    <trim prefix="(" suffix=")" suffixOverrides=",">
        mcht_user_role_rel_id,
      <if test="mchtUserRoleId != null">
        mcht_user_role_id,
      </if>
      <if test="orgId != null">
        org_id,
      </if>
      <if test="mchtUserId != null">
        mcht_user_id,
      </if>
      <if test="createdDate != null">
        created_date,
      </if>
      <if test="createdBy != null">
        created_by,
      </if>
    </trim>
    <trim prefix="values (" suffix=")" suffixOverrides=",">
        #{mchtUserRoleRelId,jdbcType=INTEGER},
      <if test="mchtUserRoleId != null">
        #{mchtUserRoleId,jdbcType=INTEGER},
      </if>
      <if test="orgId != null">
        #{orgId,jdbcType=INTEGER},
      </if>
      <if test="mchtUserId != null">
        #{mchtUserId,jdbcType=INTEGER},
      </if>
      <if test="createdDate != null">
        #{createdDate,jdbcType=TIMESTAMP},
      </if>
      <if test="createdBy != null">
        #{createdBy,jdbcType=VARCHAR},
      </if>
    </trim>
  </insert>
  <update id="updateByPrimaryKeySelective" parameterType="com.pingan.qhzx.anshao.platform.common.dto.pg.MchtUserRoleRel">
    update t_mcht_user_role_rel
    <set>
      <if test="mchtUserRoleId != null">
        mcht_user_role_id = #{mchtUserRoleId,jdbcType=INTEGER},
      </if>
      <if test="orgId != null">
        org_id = #{orgId,jdbcType=INTEGER},
      </if>
      <if test="mchtUserId != null">
        mcht_user_id = #{mchtUserId,jdbcType=INTEGER},
      </if>
      <if test="createdDate != null">
        created_date = #{createdDate,jdbcType=TIMESTAMP},
      </if>
      <if test="createdBy != null">
        created_by = #{createdBy,jdbcType=VARCHAR},
      </if>
    </set>
    where mcht_user_role_rel_id = #{mchtUserRoleRelId,jdbcType=INTEGER}
  </update>
  <update id="updateByPrimaryKey" parameterType="com.pingan.qhzx.anshao.platform.common.dto.pg.MchtUserRoleRel">
    update t_mcht_user_role_rel
    set mcht_user_role_id = #{mchtUserRoleId,jdbcType=INTEGER},
      org_id = #{orgId,jdbcType=INTEGER},
      mcht_user_id = #{mchtUserId,jdbcType=INTEGER},
      created_date = #{createdDate,jdbcType=TIMESTAMP},
      created_by = #{createdBy,jdbcType=VARCHAR}
    where mcht_user_role_rel_id = #{mchtUserRoleRelId,jdbcType=INTEGER}
  </update>
  
  <select id="selectCountByUserRoleId" parameterType="java.lang.Integer" resultType="java.lang.Long">
    select 
    count(1)
    from t_mcht_user_role_rel
    where mcht_user_role_id = #{mchtUserRoleId,jdbcType=INTEGER}
  </select>
  
  <delete id="deleteBy">
    delete from t_mcht_user_role_rel
    where mcht_user_id = #{mchtUserId,jdbcType=INTEGER}
  </delete>
  
</mapper>