<?xml version="1.0" encoding="UTF-8"?>
<!DOCTYPE mapper PUBLIC "-//mybatis.org//DTD Mapper 3.0//EN" "http://mybatis.org/dtd/mybatis-3-mapper.dtd">
<mapper namespace="com.pingan.qhzx.anshao.platform.common.dao.pg.MchtUserAuthMapper">
  <resultMap id="BaseResultMap" type="com.pingan.qhzx.anshao.platform.common.dto.pg.MchtUserAuth">
    <id column="mcht_user_auth_id" jdbcType="INTEGER" property="mchtUserAuthId" />
    <result column="auth_type" jdbcType="VARCHAR" property="authType" />
    <result column="res_classify" jdbcType="VARCHAR" property="resClassify" />
    <result column="auth_name" jdbcType="VARCHAR" property="authName" />
    <result column="auth_ctx" jdbcType="VARCHAR" property="authCtx" />
    <result column="parent_auth_id" jdbcType="INTEGER" property="parentAuthId" />
    <result column="order_by" jdbcType="INTEGER" property="orderBy" />
    <result column="created_date" jdbcType="TIMESTAMP" property="createdDate" />
    <result column="created_by" jdbcType="VARCHAR" property="createdBy" />
    <result column="updated_date" jdbcType="TIMESTAMP" property="updatedDate" />
    <result column="updated_by" jdbcType="VARCHAR" property="updatedBy" />
    <result column="auth_class" jdbcType="VARCHAR" property="authClass" />
    <result column="auth_oper_type" jdbcType="VARCHAR" property="authOperType"/>
  </resultMap>
  
  <resultMap id="MenuResultMap" type="com.pingan.qhzx.anshao.platform.common.dto.pg.MenuDTO">
    <id column="mcht_user_auth_id" jdbcType="INTEGER" property="id" />
    <result column="auth_name" jdbcType="VARCHAR" property="authName" />
    <result column="auth_ctx" jdbcType="VARCHAR" property="authCtx" />
    <result column="parent_auth_id" jdbcType="INTEGER" property="parentId" />
    <result column="order_by" jdbcType="INTEGER" property="orderBy" />
    <result column="auth_class" jdbcType="VARCHAR" property="authClass" />
    <result column="auth_oper_type" jdbcType="VARCHAR" property="authOperType"/>
  </resultMap>
  
  <sql id="Base_Column_List">
    mcht_user_auth_id, auth_type, res_classify, auth_name, auth_ctx, parent_auth_id,
    order_by, created_date, created_by, updated_date, updated_by, auth_class,auth_oper_type
  </sql>
  <select id="selectByPrimaryKey" parameterType="java.lang.Integer" resultMap="BaseResultMap">
    select 
    <include refid="Base_Column_List" />
    from t_mcht_user_auth
    where mcht_user_auth_id = #{mchtUserAuthId,jdbcType=INTEGER}
  </select>
  <delete id="deleteByPrimaryKey" parameterType="java.lang.Integer">
    delete from t_mcht_user_auth
    where mcht_user_auth_id = #{mchtUserAuthId,jdbcType=INTEGER}
  </delete>
  <insert id="insert" parameterType="com.pingan.qhzx.anshao.platform.common.dto.pg.MchtUserAuth">
    <selectKey keyProperty="mchtUserAuthId" order="BEFORE" resultType="java.lang.Integer">
      select nextval('t_mcht_user_auth_mcht_user_auth_id_seq')
    </selectKey>
    insert into t_mcht_user_auth (mcht_user_auth_id, auth_type, res_classify, 
      auth_name, auth_ctx, parent_auth_id, 
      order_by, created_date, created_by,
    updated_date, updated_by, auth_class, auth_oper_type)
    values (#{mchtUserAuthId,jdbcType=INTEGER}, #{authType,jdbcType=VARCHAR}, #{resClassify,jdbcType=VARCHAR}, 
      #{authName,jdbcType=VARCHAR}, #{authCtx,jdbcType=VARCHAR}, #{parentAuthId,jdbcType=INTEGER}, 
      #{orderBy,jdbcType=INTEGER}, #{createdDate,jdbcType=TIMESTAMP}, #{createdBy,jdbcType=VARCHAR},
    #{updatedDate,jdbcType=TIMESTAMP}, #{updatedBy,jdbcType=VARCHAR}, #{authClass,jdbcType=VARCHAR},
    #{authOperType,jdbcType=VARCHAR})
  </insert>
  <insert id="insertSelective" parameterType="com.pingan.qhzx.anshao.platform.common.dto.pg.MchtUserAuth">
    <selectKey keyProperty="mchtUserAuthId" order="BEFORE" resultType="java.lang.Integer">
      select nextval('t_mcht_user_auth_mcht_user_auth_id_seq')
    </selectKey>
    insert into t_mcht_user_auth
    <trim prefix="(" suffix=")" suffixOverrides=",">
      mcht_user_auth_id,
      <if test="authType != null">
        auth_type,
      </if>
      <if test="resClassify != null">
        res_classify,
      </if>
      <if test="authName != null">
        auth_name,
      </if>
      <if test="authCtx != null">
        auth_ctx,
      </if>
      <if test="parentAuthId != null">
        parent_auth_id,
      </if>
      <if test="orderBy != null">
        order_by,
      </if>
      <if test="createdDate != null">
        created_date,
      </if>
      <if test="createdBy != null">
        created_by,
      </if>
      <if test="updatedDate != null">
        updated_date,
      </if>
      <if test="updatedBy != null">
        updated_by,
      </if>
      <if test="authClass != null">
        auth_class,
      </if>
      <if test="authOperType != null">
        auth_oper_type,
      </if>
    </trim>
    <trim prefix="values (" suffix=")" suffixOverrides=",">
      #{mchtUserAuthId,jdbcType=INTEGER},
      <if test="authType != null">
        #{authType,jdbcType=VARCHAR},
      </if>
      <if test="resClassify != null">
        #{resClassify,jdbcType=VARCHAR},
      </if>
      <if test="authName != null">
        #{authName,jdbcType=VARCHAR},
      </if>
      <if test="authCtx != null">
        #{authCtx,jdbcType=VARCHAR},
      </if>
      <if test="parentAuthId != null">
        #{parentAuthId,jdbcType=INTEGER},
      </if>
      <if test="orderBy != null">
        #{orderBy,jdbcType=INTEGER},
      </if>
      <if test="createdDate != null">
        #{createdDate,jdbcType=TIMESTAMP},
      </if>
      <if test="createdBy != null">
        #{createdBy,jdbcType=VARCHAR},
      </if>
      <if test="updatedDate != null">
        #{updatedDate,jdbcType=TIMESTAMP},
      </if>
      <if test="updatedBy != null">
        #{updatedBy,jdbcType=VARCHAR},
      </if>
      <if test="authClass != null">
        #{authClass,jdbcType=VARCHAR},
      </if>
      <if test="authOperType != null">
        #{authOperType,jdbcType=VARCHAR},
      </if>
    </trim>
  </insert>
  <update id="updateByPrimaryKeySelective" parameterType="com.pingan.qhzx.anshao.platform.common.dto.pg.MchtUserAuth">
    update t_mcht_user_auth
    <set>
      <if test="authType != null">
        auth_type = #{authType,jdbcType=VARCHAR},
      </if>
      <if test="resClassify != null">
        res_classify = #{resClassify,jdbcType=VARCHAR},
      </if>
      <if test="authName != null">
        auth_name = #{authName,jdbcType=VARCHAR},
      </if>
      <if test="authCtx != null">
        auth_ctx = #{authCtx,jdbcType=VARCHAR},
      </if>
      <if test="parentAuthId != null">
        parent_auth_id = #{parentAuthId,jdbcType=INTEGER},
      </if>
      <if test="orderBy != null">
        order_by = #{orderBy,jdbcType=INTEGER},
      </if>
      <if test="createdDate != null">
        created_date = #{createdDate,jdbcType=TIMESTAMP},
      </if>
      <if test="createdBy != null">
        created_by = #{createdBy,jdbcType=VARCHAR},
      </if>
      <if test="updatedDate != null">
        updated_date = #{updatedDate,jdbcType=TIMESTAMP},
      </if>
      <if test="updatedBy != null">
        updated_by = #{updatedBy,jdbcType=VARCHAR},
      </if>
      <if test="authClass != null">
        auth_class = #{authClass,jdbcType=VARCHAR},
      </if>
      <if test="authOperType != null">
        auth_oper_type = #{authOperType,jdbcType=VARCHAR},
      </if>
    </set>
    where mcht_user_auth_id = #{mchtUserAuthId,jdbcType=INTEGER}
  </update>
  <update id="updateByPrimaryKey" parameterType="com.pingan.qhzx.anshao.platform.common.dto.pg.MchtUserAuth">
    update t_mcht_user_auth
    set auth_type = #{authType,jdbcType=VARCHAR},
      res_classify = #{resClassify,jdbcType=VARCHAR},
      auth_name = #{authName,jdbcType=VARCHAR},
      auth_ctx = #{authCtx,jdbcType=VARCHAR},
      parent_auth_id = #{parentAuthId,jdbcType=INTEGER},
      order_by = #{orderBy,jdbcType=INTEGER},
      created_date = #{createdDate,jdbcType=TIMESTAMP},
      created_by = #{createdBy,jdbcType=VARCHAR},
      updated_date = #{updatedDate,jdbcType=TIMESTAMP},
      updated_by = #{updatedBy,jdbcType=VARCHAR},
    auth_class = #{authClass,jdbcType=VARCHAR},
    auth_oper_type = #{authOperType,jdbcType=VARCHAR}
    where mcht_user_auth_id = #{mchtUserAuthId,jdbcType=INTEGER}
  </update>
  
  <select id="selectMenuByMchtUserRoleId" parameterType="java.lang.Integer" resultMap="MenuResultMap">

    SELECT auth.mcht_user_auth_id, auth.auth_type, auth.auth_name, auth.auth_ctx, auth.parent_auth_id, auth.order_by,
    auth.auth_class, auth.auth_oper_type
    FROM t_mcht_user_auth auth
    INNER JOIN
    t_mcht_user_role_auth_rel rel
    ON
    rel.mcht_user_role_id = #{mchtUserRoleId, jdbcType=INTEGER}
    AND
    rel.mcht_user_auth_id = auth.mcht_user_auth_id
    WHERE auth_type in ('1','2')
    order by order_by;
    </select>
    
    <select id="selectAllOutMenuBy" parameterType="java.lang.String" resultMap="MenuResultMap">
      SELECT auth.mcht_user_auth_id, auth.auth_type, auth.auth_name, auth.auth_ctx, auth.parent_auth_id, auth.order_by,
      auth.auth_class, auth.auth_oper_type
    FROM t_mcht_user_auth auth
    WHERE auth_type in ('1','2')
    and res_classify = #{resClassify,jdbcType=VARCHAR}
    order by order_by;
    </select>
    
    
    <select id="selectAuthByOrgIdMchtUserId" resultMap="BaseResultMap">

      SELECT auth.mcht_user_auth_id, auth.auth_type, auth.auth_name, auth.auth_ctx, auth.parent_auth_id, auth.order_by,
      auth.auth_class, auth.auth_oper_type
    FROM t_mcht_user_auth auth
    
    Inner JOIN
    t_mcht_user_role_rel rrel
    on
    rrel.org_id = #{orgId, jdbcType=INTEGER}
    and
    rrel.mcht_user_id = #{mchtUserId, jdbcType=INTEGER}

    INNER JOIN
    t_mcht_user_role_auth_rel rel
    ON
    rel.mcht_user_role_id = rrel.mcht_user_role_id
    AND
    rel.mcht_user_auth_id = auth.mcht_user_auth_id
    order by order_by;
    </select>
    
    <select id="querySAInnerMenu" parameterType="java.lang.String" resultMap="MenuResultMap">

      SELECT auth.mcht_user_auth_id, auth.auth_type, auth.auth_name, auth.auth_ctx, auth.parent_auth_id, auth.order_by,
      auth.auth_class, auth.auth_oper_type
    FROM t_mcht_user_auth auth
    INNER JOIN
    t_mcht_user_role r
    on
    r.role_code = #{roleCode, jdbcType=VARCHAR}
    INNER JOIN
    t_mcht_user_role_auth_rel rel
    ON
    rel.mcht_user_role_id = r.mcht_user_role_id
    AND
    rel.mcht_user_auth_id = auth.mcht_user_auth_id
    WHERE auth_type in ('1','2')
    and auth_name not in ('机构新增','机构查询','机构状态变更','机构管理','机构编辑')
    order by order_by;
    </select>
    
    
</mapper>