<?xml version="1.0" encoding="UTF-8"?>
<!DOCTYPE mapper PUBLIC "-//mybatis.org//DTD Mapper 3.0//EN" "http://mybatis.org/dtd/mybatis-3-mapper.dtd">
<mapper namespace="com.pingan.qhzx.anshao.platform.common.dao.pg.MchtUserMapper">
  <resultMap id="BaseResultMap" type="com.pingan.qhzx.anshao.platform.common.dto.pg.MchtUser">
    <id column="mcht_user_id" jdbcType="INTEGER" property="mchtUserId" />
    <result column="org_id" jdbcType="INTEGER" property="orgId" />
    <result column="login_name" jdbcType="VARCHAR" property="loginName" />
    <result column="user_pwd" jdbcType="VARCHAR" property="userPwd" />
    <result column="user_name" jdbcType="VARCHAR" property="userName" />
    <result column="mobile" jdbcType="VARCHAR" property="mobile" />
    <result column="user_email" jdbcType="VARCHAR" property="userEmail" />
    <result column="user_status" jdbcType="VARCHAR" property="userStatus" />
    <result column="force_change_pwd_flag" jdbcType="VARCHAR" property="forceChangePwdFlag" />
    <result column="created_date" jdbcType="TIMESTAMP" property="createdDate" />
    <result column="created_by" jdbcType="VARCHAR" property="createdBy" />
    <result column="updated_date" jdbcType="TIMESTAMP" property="updatedDate" />
    <result column="updated_by" jdbcType="VARCHAR" property="updatedBy" />
  </resultMap>
  <sql id="Base_Column_List">
    mcht_user_id, org_id, login_name, user_pwd, user_name, mobile, user_email, user_status, 
    force_change_pwd_flag, created_date, created_by, updated_date, updated_by
  </sql>
  <select id="selectByPrimaryKey" parameterType="java.lang.Integer" resultMap="BaseResultMap">
    select 
    <include refid="Base_Column_List" />
    from t_mcht_user
    where mcht_user_id = #{mchtUserId,jdbcType=INTEGER}
  </select>
  <delete id="deleteByPrimaryKey" parameterType="java.lang.Integer">
    delete from t_mcht_user
    where mcht_user_id = #{mchtUserId,jdbcType=INTEGER}
  </delete>
  <insert id="insert" parameterType="com.pingan.qhzx.anshao.platform.common.dto.pg.MchtUser">
    <selectKey keyProperty="mchtUserId" order="BEFORE" resultType="java.lang.Integer">
      select nextval('t_mcht_user_mcht_user_id_seq')
    </selectKey>
    insert into t_mcht_user (mcht_user_id, org_id, login_name, 
      user_pwd, user_name, mobile, 
      user_email, user_status, force_change_pwd_flag, 
      created_date, created_by, updated_date, 
      updated_by)
    values (#{mchtUserId,jdbcType=INTEGER}, #{orgId,jdbcType=INTEGER}, #{loginName,jdbcType=VARCHAR}, 
      #{userPwd,jdbcType=VARCHAR}, #{userName,jdbcType=VARCHAR}, #{mobile,jdbcType=VARCHAR}, 
      #{userEmail,jdbcType=VARCHAR}, #{userStatus,jdbcType=VARCHAR}, #{forceChangePwdFlag,jdbcType=VARCHAR}, 
      #{createdDate,jdbcType=TIMESTAMP}, #{createdBy,jdbcType=VARCHAR}, #{updatedDate,jdbcType=TIMESTAMP}, 
      #{updatedBy,jdbcType=VARCHAR})
  </insert>
  <insert id="insertSelective" parameterType="com.pingan.qhzx.anshao.platform.common.dto.pg.MchtUser">
    <selectKey keyProperty="mchtUserId" order="BEFORE" resultType="java.lang.Integer">
      select nextval('t_mcht_user_mcht_user_id_seq')
    </selectKey>
    insert into t_mcht_user
    <trim prefix="(" suffix=")" suffixOverrides=",">
      mcht_user_id,
      <if test="orgId != null">
        org_id,
      </if>
      <if test="loginName != null">
        login_name,
      </if>
      <if test="userPwd != null">
        user_pwd,
      </if>
      <if test="userName != null">
        user_name,
      </if>
      <if test="mobile != null">
        mobile,
      </if>
      <if test="userEmail != null">
        user_email,
      </if>
      <if test="userStatus != null">
        user_status,
      </if>
      <if test="forceChangePwdFlag != null">
        force_change_pwd_flag,
      </if>
      <if test="createdDate != null">
        created_date,
      </if>
      <if test="createdBy != null">
        created_by,
      </if>
      <if test="updatedDate != null">
        updated_date,
      </if>
      <if test="updatedBy != null">
        updated_by,
      </if>
    </trim>
    <trim prefix="values (" suffix=")" suffixOverrides=",">
      #{mchtUserId,jdbcType=INTEGER},
      <if test="orgId != null">
        #{orgId,jdbcType=INTEGER},
      </if>
      <if test="loginName != null">
        #{loginName,jdbcType=VARCHAR},
      </if>
      <if test="userPwd != null">
        #{userPwd,jdbcType=VARCHAR},
      </if>
      <if test="userName != null">
        #{userName,jdbcType=VARCHAR},
      </if>
      <if test="mobile != null">
        #{mobile,jdbcType=VARCHAR},
      </if>
      <if test="userEmail != null">
        #{userEmail,jdbcType=VARCHAR},
      </if>
      <if test="userStatus != null">
        #{userStatus,jdbcType=VARCHAR},
      </if>
      <if test="forceChangePwdFlag != null">
        #{forceChangePwdFlag,jdbcType=VARCHAR},
      </if>
      <if test="createdDate != null">
        #{createdDate,jdbcType=TIMESTAMP},
      </if>
      <if test="createdBy != null">
        #{createdBy,jdbcType=VARCHAR},
      </if>
      <if test="updatedDate != null">
        #{updatedDate,jdbcType=TIMESTAMP},
      </if>
      <if test="updatedBy != null">
        #{updatedBy,jdbcType=VARCHAR},
      </if>
    </trim>
  </insert>
  <update id="updateByPrimaryKeySelective" parameterType="com.pingan.qhzx.anshao.platform.common.dto.pg.MchtUser">
    update t_mcht_user
    <set>
      <if test="orgId != null">
        org_id = #{orgId,jdbcType=INTEGER},
      </if>
      <if test="loginName != null">
        login_name = #{loginName,jdbcType=VARCHAR},
      </if>
      <if test="userPwd != null">
        user_pwd = #{userPwd,jdbcType=VARCHAR},
      </if>
      <if test="userName != null">
        user_name = #{userName,jdbcType=VARCHAR},
      </if>
      <if test="mobile != null">
        mobile = #{mobile,jdbcType=VARCHAR},
      </if>
      <if test="userEmail != null">
        user_email = #{userEmail,jdbcType=VARCHAR},
      </if>
      <if test="userStatus != null">
        user_status = #{userStatus,jdbcType=VARCHAR},
      </if>
      <if test="forceChangePwdFlag != null">
        force_change_pwd_flag = #{forceChangePwdFlag,jdbcType=VARCHAR},
      </if>
      <if test="createdDate != null">
        created_date = #{createdDate,jdbcType=TIMESTAMP},
      </if>
      <if test="createdBy != null">
        created_by = #{createdBy,jdbcType=VARCHAR},
      </if>
      <if test="updatedDate != null">
        updated_date = #{updatedDate,jdbcType=TIMESTAMP},
      </if>
      <if test="updatedBy != null">
        updated_by = #{updatedBy,jdbcType=VARCHAR},
      </if>
    </set>
    where mcht_user_id = #{mchtUserId,jdbcType=INTEGER}
  </update>
  <update id="updateByPrimaryKey" parameterType="com.pingan.qhzx.anshao.platform.common.dto.pg.MchtUser">
    update t_mcht_user
    set org_id = #{orgId,jdbcType=INTEGER},
      login_name = #{loginName,jdbcType=VARCHAR},
      user_pwd = #{userPwd,jdbcType=VARCHAR},
      user_name = #{userName,jdbcType=VARCHAR},
      mobile = #{mobile,jdbcType=VARCHAR},
      user_email = #{userEmail,jdbcType=VARCHAR},
      user_status = #{userStatus,jdbcType=VARCHAR},
      force_change_pwd_flag = #{forceChangePwdFlag,jdbcType=VARCHAR},
      created_date = #{createdDate,jdbcType=TIMESTAMP},
      created_by = #{createdBy,jdbcType=VARCHAR},
      updated_date = #{updatedDate,jdbcType=TIMESTAMP},
      updated_by = #{updatedBy,jdbcType=VARCHAR}
    where mcht_user_id = #{mchtUserId,jdbcType=INTEGER}
  </update>
  
  <select id="selectByLoginName" parameterType="java.lang.String" resultMap="BaseResultMap">
    select 
    <include refid="Base_Column_List" />
    from t_mcht_user
    where login_name = #{loginName,jdbcType=VARCHAR}
  </select>
  
  <select id="queryAllUserList" parameterType="com.pingan.qhzx.anshao.platform.common.bean.user.UserSearchCondition" resultType="com.pingan.qhzx.anshao.platform.common.dto.pg.MchtUser">
    select 
      u.mcht_user_id as mchtUserId,
      u.org_id as orgId,
      o.org_name as orgName,
      o.org_type as orgType,
      u.login_name as loginName,
      u.user_name as userName,
      u.user_email as userEmail,
      u.user_status as userStatus, 
      u.updated_date as updatedDate,
      u.created_by as updatedBy
    from t_mcht_user u
    inner join
    t_org o
    on
    o.org_id = u.org_id
    <if test="mchtUserRoleId != null">
    inner join
    t_mcht_user_role_rel rel
    on
    rel.mcht_user_role_id = #{mchtUserRoleId,jdbcType=INTEGER}
    and
    rel.mcht_user_id = u.mcht_user_id
    </if>
    
    <where>
      <if test="loginName != null and loginName != '' ">
        and u.login_name like concat('%',#{loginName},'%')
      </if>
      <if test="userName != null and userName != '' ">
        and u.user_name like concat('%',#{userName},'%')
      </if>
      <if test="userStatus != null and userStatus != ''">
        and u.user_status = #{userStatus,jdbcType=VARCHAR}
      </if>
    </where>

    order by u.updated_date desc
  </select>
  
  <select id="queryUserList" parameterType="com.pingan.qhzx.anshao.platform.common.bean.user.UserSearchCondition" resultType="com.pingan.qhzx.anshao.platform.common.dto.pg.MchtUser">
    select 
      u.mcht_user_id as mchtUserId,
      u.org_id as orgId,
      o.org_name as orgName,
      o.org_type as orgType,
      u.login_name as loginName,
      u.user_name as userName,
      u.user_email as userEmail,
      u.user_status as userStatus, 
      u.updated_date as updatedDate,
      u.created_by as createdBy
    from t_mcht_user u
    inner join
    t_org o
    on
    o.org_id = u.org_id
    
    <if test="mchtUserRoleId != null">
    inner join
    t_mcht_user_role_rel rel
    on
    rel.mcht_user_role_id = #{mchtUserRoleId,jdbcType=INTEGER}
    and
    rel.mcht_user_id = u.mcht_user_id
    </if>
    
    <where>
      <if test="loginName != null and loginName != '' ">
        and u.login_name like concat('%',#{loginName},'%')
      </if>
      <if test="userName != null and userName != '' ">
        and u.user_name like concat('%',#{userName},'%')
      </if>
      <if test="userStatus != null and userStatus != ''">
        and u.user_status = #{userStatus,jdbcType=VARCHAR}
      </if>
      and (u.org_id = #{orgId, jdbcType=INTEGER}
             or u.created_by = #{loginNameSession,jdbcType=VARCHAR})
    </where>
    order by u.updated_date desc
  </select>
  
  <select id="selectBy" resultMap="BaseResultMap">
    select 
      <include refid="Base_Column_List" />
    from t_mcht_user
    where  mcht_user_id = #{mchtUserId,jdbcType=INTEGER}
             and created_by = #{loginName,jdbcType=VARCHAR}
  </select>
  
  <select id="checkRepeat" parameterType="com.pingan.qhzx.anshao.platform.common.dto.pg.MchtUser" resultType="java.lang.Long">
    select 
      count(1)
    from t_mcht_user
    <where>
        <if test="loginName != null and loginName != '' ">
          and login_name = #{loginName, jdbcType=VARCHAR}
        </if>
        <if test="userEmail != null and userEmail != '' ">
          and user_email = #{userEmail, jdbcType=VARCHAR}
        </if>
        <if test="mchtUserId != null">
          <![CDATA[and mcht_user_id <> #{mchtUserId, jdbcType=INTEGER}]]> 
        </if>
    </where>
  </select>
  
  <select id="queryUserPartnerCount" parameterType="java.lang.Integer" resultType="java.lang.Long">
    select 
      count(1)
    from t_mcht_user u
    inner join
    t_org o
    on
    o.org_id = u.org_id
    and
    o.org_type = 'PARTNER'
    where u.org_id = #{orgId,jdbcType=INTEGER}
  </select>
  
  <select id="selectForPwdChange" resultType="com.pingan.qhzx.anshao.platform.common.dto.pg.MchtUser">
    select 
      u.mcht_user_id as mchtUserId,
      u.org_id as orgId,
      o.org_name as orgName,
      o.org_type as orgType,
      u.login_name as loginName,
      u.user_name as userName,
      u.user_email as userEmail,
      u.user_status as userStatus,
      u.force_change_pwd_flag as forceChangePwdFlag
    from t_mcht_user u
    inner join
    t_org o
    on
    o.org_id = u.org_id
    where u.login_name = #{loginName, jdbcType=VARCHAR}
    and u.user_pwd = #{userPwd, jdbcType=VARCHAR}
  </select>
  
  <select id="queryUpdateSelectList" parameterType="java.lang.Integer" resultType="com.pingan.qhzx.anshao.platform.common.dto.pg.MchtUser">
    select 
      u.mcht_user_id as mchtUserId,
      u.org_id as orgId,
      o.org_name as orgName,
      o.org_type as orgType,
      rel.mcht_user_role_id as mchtUserRoleId,
      u.login_name as loginName,
      u.user_name as userName,
      u.user_email as userEmail,
      u.user_status as userStatus,
      u.mobile as mobile,
      u.updated_date as updatedDate,
      u.created_by as createdBy
    from t_mcht_user u
    inner join
    t_org o
    on
    o.org_id = u.org_id
    inner join
    t_mcht_user_role_rel rel
    on
    rel.mcht_user_id = u.mcht_user_id
    
    where u.mcht_user_id = #{mchtUserId,jdbcType=INTEGER}
  </select>
  
</mapper>