<?xml version="1.0" encoding="UTF-8"?>
<!DOCTYPE mapper PUBLIC "-//mybatis.org//DTD Mapper 3.0//EN" "http://mybatis.org/dtd/mybatis-3-mapper.dtd">
<mapper namespace="com.pingan.qhzx.anshao.platform.common.dao.pg.MchtCorpusOutlineMapper">
  <resultMap id="BaseResultMap" type="com.pingan.qhzx.anshao.platform.common.dto.pg.MchtCorpusOutline">
    <id column="org_id" jdbcType="INTEGER" property="orgId" />
    <result column="corpus_init_num" jdbcType="BIGINT" property="corpusInitNum" />
    <result column="corpus_total_num" jdbcType="BIGINT" property="corpusTotalNum" />
    <result column="corpus_surplus_num" jdbcType="BIGINT" property="corpusSurplusNum" />
    <result column="cutoff_date" jdbcType="TIMESTAMP" property="cutoffDate" />
    <result column="corpususenum" jdbcType="BIGINT" property="corpususenum" />
    <result column="created_date" jdbcType="TIMESTAMP" property="createdDate" />
    <result column="created_by" jdbcType="VARCHAR" property="createdBy" />
    <result column="updated_date" jdbcType="TIMESTAMP" property="updatedDate" />
    <result column="updated_by" jdbcType="VARCHAR" property="updatedBy" />
  </resultMap>
  <sql id="Base_Column_List">
    org_id, corpus_init_num, corpus_total_num, corpus_surplus_num, cutoff_date, corpususenum, 
    created_date, created_by, updated_date, updated_by
  </sql>
  <select id="selectByPrimaryKey" parameterType="java.lang.Integer" resultMap="BaseResultMap">
    select 
    <include refid="Base_Column_List" />
    from t_mcht_corpus_outline
    where org_id = #{orgId,jdbcType=INTEGER}
  </select>
  <delete id="deleteByPrimaryKey" parameterType="java.lang.Integer">
    delete from t_mcht_corpus_outline
    where org_id = #{orgId,jdbcType=INTEGER}
  </delete>
  <insert id="insert" parameterType="com.pingan.qhzx.anshao.platform.common.dto.pg.MchtCorpusOutline">
    insert into t_mcht_corpus_outline (org_id, corpus_init_num, corpus_total_num, 
      corpus_surplus_num, cutoff_date, corpususenum, 
      created_date, created_by, updated_date, 
      updated_by)
    values (#{orgId,jdbcType=INTEGER}, #{corpusInitNum,jdbcType=BIGINT}, #{corpusTotalNum,jdbcType=BIGINT}, 
      #{corpusSurplusNum,jdbcType=BIGINT}, #{cutoffDate,jdbcType=TIMESTAMP}, #{corpususenum,jdbcType=BIGINT}, 
      #{createdDate,jdbcType=TIMESTAMP}, #{createdBy,jdbcType=VARCHAR}, #{updatedDate,jdbcType=TIMESTAMP}, 
      #{updatedBy,jdbcType=VARCHAR})
  </insert>
  <insert id="insertSelective" parameterType="com.pingan.qhzx.anshao.platform.common.dto.pg.MchtCorpusOutline">
    insert into t_mcht_corpus_outline
    <trim prefix="(" suffix=")" suffixOverrides=",">
      <if test="orgId != null">
        org_id,
      </if>
      <if test="corpusInitNum != null">
        corpus_init_num,
      </if>
      <if test="corpusTotalNum != null">
        corpus_total_num,
      </if>
      <if test="corpusSurplusNum != null">
        corpus_surplus_num,
      </if>
      <if test="cutoffDate != null">
        cutoff_date,
      </if>
      <if test="corpususenum != null">
        corpususenum,
      </if>
      <if test="createdDate != null">
        created_date,
      </if>
      <if test="createdBy != null">
        created_by,
      </if>
      <if test="updatedDate != null">
        updated_date,
      </if>
      <if test="updatedBy != null">
        updated_by,
      </if>
    </trim>
    <trim prefix="values (" suffix=")" suffixOverrides=",">
      <if test="orgId != null">
        #{orgId,jdbcType=INTEGER},
      </if>
      <if test="corpusInitNum != null">
        #{corpusInitNum,jdbcType=BIGINT},
      </if>
      <if test="corpusTotalNum != null">
        #{corpusTotalNum,jdbcType=BIGINT},
      </if>
      <if test="corpusSurplusNum != null">
        #{corpusSurplusNum,jdbcType=BIGINT},
      </if>
      <if test="cutoffDate != null">
        #{cutoffDate,jdbcType=TIMESTAMP},
      </if>
      <if test="corpususenum != null">
        #{corpususenum,jdbcType=BIGINT},
      </if>
      <if test="createdDate != null">
        #{createdDate,jdbcType=TIMESTAMP},
      </if>
      <if test="createdBy != null">
        #{createdBy,jdbcType=VARCHAR},
      </if>
      <if test="updatedDate != null">
        #{updatedDate,jdbcType=TIMESTAMP},
      </if>
      <if test="updatedBy != null">
        #{updatedBy,jdbcType=VARCHAR},
      </if>
    </trim>
  </insert>
  <update id="updateByPrimaryKeySelective" parameterType="com.pingan.qhzx.anshao.platform.common.dto.pg.MchtCorpusOutline">
    update t_mcht_corpus_outline
    <set>
      <if test="corpusInitNum != null">
        corpus_init_num = #{corpusInitNum,jdbcType=BIGINT},
      </if>
      <if test="corpusTotalNum != null">
        corpus_total_num = #{corpusTotalNum,jdbcType=BIGINT},
      </if>
      <if test="corpusSurplusNum != null">
        corpus_surplus_num = #{corpusSurplusNum,jdbcType=BIGINT},
      </if>
      <if test="cutoffDate != null">
        cutoff_date = #{cutoffDate,jdbcType=TIMESTAMP},
      </if>
      <if test="corpususenum != null">
        corpususenum = #{corpususenum,jdbcType=BIGINT},
      </if>
      <if test="createdDate != null">
        created_date = #{createdDate,jdbcType=TIMESTAMP},
      </if>
      <if test="createdBy != null">
        created_by = #{createdBy,jdbcType=VARCHAR},
      </if>
      <if test="updatedDate != null">
        updated_date = #{updatedDate,jdbcType=TIMESTAMP},
      </if>
      <if test="updatedBy != null">
        updated_by = #{updatedBy,jdbcType=VARCHAR},
      </if>
    </set>
    where org_id = #{orgId,jdbcType=INTEGER}
  </update>
  <update id="updateByPrimaryKey" parameterType="com.pingan.qhzx.anshao.platform.common.dto.pg.MchtCorpusOutline">
    update t_mcht_corpus_outline
    set corpus_init_num = #{corpusInitNum,jdbcType=BIGINT},
      corpus_total_num = #{corpusTotalNum,jdbcType=BIGINT},
      corpus_surplus_num = #{corpusSurplusNum,jdbcType=BIGINT},
      cutoff_date = #{cutoffDate,jdbcType=TIMESTAMP},
      corpususenum = #{corpususenum,jdbcType=BIGINT},
      created_date = #{createdDate,jdbcType=TIMESTAMP},
      created_by = #{createdBy,jdbcType=VARCHAR},
      updated_date = #{updatedDate,jdbcType=TIMESTAMP},
      updated_by = #{updatedBy,jdbcType=VARCHAR}
    where org_id = #{orgId,jdbcType=INTEGER}
  </update>

  <select id="selectByOrgIdWithLock" parameterType="java.lang.Integer" resultMap="BaseResultMap">
    select
    <include refid="Base_Column_List" />
    from t_mcht_corpus_outline
    where org_id = #{orgId,jdbcType=INTEGER} for update
  </select>

</mapper>