<?xml version="1.0" encoding="UTF-8"?>
<!DOCTYPE mapper PUBLIC "-//mybatis.org//DTD Mapper 3.0//EN" "http://mybatis.org/dtd/mybatis-3-mapper.dtd">
<mapper namespace="com.pingan.qhzx.anshao.platform.common.dao.pg.OrgMapper">
	<resultMap id="BaseResultMap" type="com.pingan.qhzx.anshao.platform.common.dto.pg.Org">
		<id column="org_id" jdbcType="INTEGER" property="orgId" />
		<result column="org_code" jdbcType="VARCHAR" property="orgCode" />
		<result column="org_name" jdbcType="VARCHAR" property="orgName" />
		<result column="org_status" jdbcType="VARCHAR" property="orgStatus" />
		<result column="contact_name" jdbcType="VARCHAR" property="contactName" />
		<result column="contact_tel" jdbcType="VARCHAR" property="contactTel" />
		<result column="contact_email" jdbcType="VARCHAR" property="contactEmail" />
		<result column="org_address" jdbcType="VARCHAR" property="orgAddress" />
		<result column="auth_code" jdbcType="VARCHAR" property="authCode" />
		<result column="auth_date" jdbcType="DATE" property="authDate" />
		<result column="expire_date" jdbcType="TIMESTAMP" property="expireDate" />
		<result column="org_type" jdbcType="VARCHAR" property="orgType" />
		<result column="created_date" jdbcType="TIMESTAMP" property="createdDate" />
		<result column="created_by" jdbcType="VARCHAR" property="createdBy" />
		<result column="updated_date" jdbcType="TIMESTAMP" property="updatedDate" />
		<result column="updated_by" jdbcType="VARCHAR" property="updatedBy" />
	</resultMap>
	<!-- OperateReport -->
	<resultMap id="OperateReportMap"
		type="com.pingan.qhzx.anshao.platform.common.bean.operateReport.OperateReporBean" extends="BaseResultMap">
		<result column="traffic_total_num" jdbcType="BIGINT" property="trafficTotalNum" />
		<result column="traffic_use_num" jdbcType="BIGINT" property="trafficUseNum" />
		<result column="traffic_remain_num" jdbcType="BIGINT" property="trafficRemainNum" />
		<result column="corpus_total_num" jdbcType="BIGINT" property="corpusTotalNum" />
		<result column="corpus_surplus_num" jdbcType="BIGINT" property="corpusSurplusNum" />
	</resultMap>
	<resultMap id="BaseResultMapExt" type="com.pingan.qhzx.anshao.platform.common.dto.pg.OrgExt">
		<id column="org_id" jdbcType="INTEGER" property="orgId" />
		<result column="org_code" jdbcType="VARCHAR" property="orgCode" />
		<result column="org_name" jdbcType="VARCHAR" property="orgName" />
		<result column="org_status" jdbcType="VARCHAR" property="orgStatus" />
		<result column="contact_name" jdbcType="VARCHAR" property="contactName" />
		<result column="contact_tel" jdbcType="VARCHAR" property="contactTel" />
		<result column="contact_email" jdbcType="VARCHAR" property="contactEmail" />
		<result column="org_address" jdbcType="VARCHAR" property="orgAddress" />
		<result column="auth_code" jdbcType="VARCHAR" property="authCode" />
		<result column="auth_date" jdbcType="DATE" property="authDate" />
		<result column="expire_date" jdbcType="TIMESTAMP" property="expireDate" />
		<result column="org_type" jdbcType="VARCHAR" property="orgType" />
		<result column="created_date" jdbcType="TIMESTAMP" property="createdDate" />
		<result column="created_by" jdbcType="VARCHAR" property="createdBy" />
		<result column="updated_date" jdbcType="TIMESTAMP" property="updatedDate" />
		<result column="updated_by" jdbcType="VARCHAR" property="updatedBy" />
		<result column="traffic_init_num" jdbcType="BIGINT" property="trafficInitNum" />
		<result column="corpus_init_num" jdbcType="BIGINT" property="corpusInitNum" />
		<result column="corpus_total_num" jdbcType="BIGINT" property="corpusTotalNum" />

	</resultMap>
	<sql id="Base_Column_List">
		org_id, org_code, org_name, org_status, contact_name, contact_tel, contact_email,
		org_address, auth_code, auth_date, expire_date, org_type, created_date, created_by,
		updated_date, updated_by
	</sql>
	<sql id="Base_Column_ListExt">
		o.org_id, o.org_code, o.org_name, o.org_status, o.contact_name, o.contact_tel, o.contact_email,
		o.org_address, o.auth_code, o.auth_date, o.expire_date, o.org_type, o.created_date, o.created_by,
		o.updated_date, o.updated_by,ta.traffic_init_num,co.corpus_init_num,co.corpus_total_num
	</sql>
	<sql id="Ext_Column_ListExt">
		o.org_id, o.org_code, o.org_name, o.org_status, o.contact_name, o.contact_tel, o.contact_email,
		o.org_address, o.auth_code, o.auth_date, o.expire_date, o.org_type, o.created_date, o.created_by,
		o.updated_date, o.updated_by
	</sql>
	<select id="selectByPrimaryKey" parameterType="java.lang.Integer" resultMap="BaseResultMap">
		select
		<include refid="Base_Column_List" />
		from t_org
		where org_id = #{orgId,jdbcType=INTEGER}
	</select>
	<delete id="deleteByPrimaryKey" parameterType="java.lang.Integer">
		delete from t_org
		where org_id =
		#{orgId,jdbcType=INTEGER}
	</delete>
	<insert id="insert" parameterType="com.pingan.qhzx.anshao.platform.common.dto.pg.Org">
		<selectKey keyProperty="orgId" order="BEFORE" resultType="java.lang.Integer">
			select
			nextval('t_org_org_id_seq')
		</selectKey>
		insert into t_org (org_id, org_code, org_name,
		org_status, contact_name, contact_tel,
		contact_email, org_address, auth_code,
		auth_date, expire_date, org_type,
		created_date,
		created_by, updated_date,
		updated_by)
		values (#{orgId,jdbcType=INTEGER},
		#{orgCode,jdbcType=VARCHAR}, #{orgName,jdbcType=VARCHAR},
		#{orgStatus,jdbcType=VARCHAR},
		#{contactName,jdbcType=VARCHAR},
		#{contactTel,jdbcType=VARCHAR},
		#{contactEmail,jdbcType=VARCHAR}, #{orgAddress,jdbcType=VARCHAR},
		#{authCode,jdbcType=VARCHAR},
		#{authDate,jdbcType=DATE}, #{expireDate,jdbcType=TIMESTAMP},
		#{orgType,jdbcType=VARCHAR},
		#{createdDate,jdbcType=TIMESTAMP}, #{createdBy,jdbcType=VARCHAR},
		#{updatedDate,jdbcType=TIMESTAMP},
		#{updatedBy,jdbcType=VARCHAR})
	</insert>
	<insert id="insertSelective" parameterType="com.pingan.qhzx.anshao.platform.common.dto.pg.Org">
		<selectKey keyProperty="orgId" order="BEFORE" resultType="java.lang.Integer">
			select
			nextval('t_org_org_id_seq')
		</selectKey>
		insert into t_org
		<trim prefix="(" suffix=")" suffixOverrides=",">
			org_id,
			<if test="orgCode != null">
				org_code,
			</if>
			<if test="orgName != null">
				org_name,
			</if>
			<if test="orgStatus != null">
				org_status,
			</if>
			<if test="contactName != null">
				contact_name,
			</if>
			<if test="contactTel != null">
				contact_tel,
			</if>
			<if test="contactEmail != null">
				contact_email,
			</if>
			<if test="orgAddress != null">
				org_address,
			</if>
			<if test="authCode != null">
				auth_code,
			</if>
			<if test="authDate != null">
				auth_date,
			</if>
			<if test="expireDate != null">
				expire_date,
			</if>
			<if test="orgType != null">
				org_type,
			</if>
			<if test="createdDate != null">
				created_date,
			</if>
			<if test="createdBy != null">
				created_by,
			</if>
			<if test="updatedDate != null">
				updated_date,
			</if>
			<if test="updatedBy != null">
				updated_by,
			</if>
		</trim>
		<trim prefix="values (" suffix=")" suffixOverrides=",">
			#{orgId,jdbcType=INTEGER},
			<if test="orgCode != null">
				#{orgCode,jdbcType=VARCHAR},
			</if>
			<if test="orgName != null">
				#{orgName,jdbcType=VARCHAR},
			</if>
			<if test="orgStatus != null">
				#{orgStatus,jdbcType=VARCHAR},
			</if>
			<if test="contactName != null">
				#{contactName,jdbcType=VARCHAR},
			</if>
			<if test="contactTel != null">
				#{contactTel,jdbcType=VARCHAR},
			</if>
			<if test="contactEmail != null">
				#{contactEmail,jdbcType=VARCHAR},
			</if>
			<if test="orgAddress != null">
				#{orgAddress,jdbcType=VARCHAR},
			</if>
			<if test="authCode != null">
				#{authCode,jdbcType=VARCHAR},
			</if>
			<if test="authDate != null">
				#{authDate,jdbcType=DATE},
			</if>
			<if test="expireDate != null">
				#{expireDate,jdbcType=TIMESTAMP},
			</if>
			<if test="orgType != null">
				#{orgType,jdbcType=VARCHAR},
			</if>
			<if test="createdDate != null">
				#{createdDate,jdbcType=TIMESTAMP},
			</if>
			<if test="createdBy != null">
				#{createdBy,jdbcType=VARCHAR},
			</if>
			<if test="updatedDate != null">
				#{updatedDate,jdbcType=TIMESTAMP},
			</if>
			<if test="updatedBy != null">
				#{updatedBy,jdbcType=VARCHAR},
			</if>
		</trim>
	</insert>
	<update id="updateByPrimaryKeySelective" parameterType="com.pingan.qhzx.anshao.platform.common.dto.pg.Org">
		update t_org
		<set>
			<if test="orgCode != null">
				org_code = #{orgCode,jdbcType=VARCHAR},
			</if>
			<if test="orgName != null">
				org_name = #{orgName,jdbcType=VARCHAR},
			</if>
			<if test="orgStatus != null">
				org_status = #{orgStatus,jdbcType=VARCHAR},
			</if>
			<if test="contactName != null">
				contact_name = #{contactName,jdbcType=VARCHAR},
			</if>
			<if test="contactTel != null">
				contact_tel = #{contactTel,jdbcType=VARCHAR},
			</if>
			<if test="contactEmail != null">
				contact_email = #{contactEmail,jdbcType=VARCHAR},
			</if>
			<if test="orgAddress != null">
				org_address = #{orgAddress,jdbcType=VARCHAR},
			</if>
			<if test="authCode != null">
				auth_code = #{authCode,jdbcType=VARCHAR},
			</if>
			<if test="authDate != null">
				auth_date = #{authDate,jdbcType=DATE},
			</if>
			<if test="expireDate != null">
				expire_date = #{expireDate,jdbcType=TIMESTAMP},
			</if>
			<if test="orgType != null">
				org_type = #{orgType,jdbcType=VARCHAR},
			</if>
			<if test="createdDate != null">
				created_date = #{createdDate,jdbcType=TIMESTAMP},
			</if>
			<if test="createdBy != null">
				created_by = #{createdBy,jdbcType=VARCHAR},
			</if>
			<if test="updatedDate != null">
				updated_date = #{updatedDate,jdbcType=TIMESTAMP},
			</if>
			<if test="updatedBy != null">
				updated_by = #{updatedBy,jdbcType=VARCHAR},
			</if>
		</set>
		where org_id = #{orgId,jdbcType=INTEGER}
	</update>
	<update id="updateByPrimaryKey" parameterType="com.pingan.qhzx.anshao.platform.common.dto.pg.Org">
		update t_org
		set org_code =
		#{orgCode,jdbcType=VARCHAR},
		org_name = #{orgName,jdbcType=VARCHAR},
		org_status =
		#{orgStatus,jdbcType=VARCHAR},
		contact_name = #{contactName,jdbcType=VARCHAR},
		contact_tel =
		#{contactTel,jdbcType=VARCHAR},
		contact_email = #{contactEmail,jdbcType=VARCHAR},
		org_address =
		#{orgAddress,jdbcType=VARCHAR},
		auth_code = #{authCode,jdbcType=VARCHAR},
		auth_date =
		#{authDate,jdbcType=DATE},
		expire_date = #{expireDate,jdbcType=TIMESTAMP},
		org_type =
		#{orgType,jdbcType=VARCHAR},
		created_date = #{createdDate,jdbcType=TIMESTAMP},
		created_by =
		#{createdBy,jdbcType=VARCHAR},
		updated_date = #{updatedDate,jdbcType=TIMESTAMP},
		updated_by =
		#{updatedBy,jdbcType=VARCHAR}
		where org_id = #{orgId,jdbcType=INTEGER}
	</update>

	<select id="selectOrgList" parameterType="java.util.Map" resultMap="BaseResultMapExt">
		select
		<include refid="Base_Column_ListExt" />
		from t_org o,t_mcht_corpus_outline co,t_traffic_account ta
		where o.org_id = co.org_id and o.org_id = ta.org_id
		<if test="orgId != null">
			and o.org_id = #{orgId,jdbcType=INTEGER}
		</if>
		<if test="orgName != null">
			and o.org_name like '%'||#{orgName,jdbcType=VARCHAR}||'%' 
		</if>
		<if test="orgStatus != null">
			and o.org_status = #{orgStatus,jdbcType=VARCHAR}
		</if>
		<if test="contactName != null">
			and o.contact_name like '%'||#{contactName,jdbcType=VARCHAR}||'%'
		</if>
		<if test="contactTel != null">
			and o.contact_tel like '%'||#{contactTel,jdbcType=VARCHAR}||'%'
		</if>
		order by o.updated_date desc
	</select>
	<select id="queryOrgByOrgCode" resultMap="BaseResultMap">
		SELECT
		<include refid="Base_Column_List" />
		from t_org WHERE org_code = #{orgCode}
	</select>
	<select id="selectOperateReportList" parameterType="com.pingan.qhzx.anshao.platform.common.dto.pg.Org"
		resultMap="OperateReportMap">
		SELECT
		og.org_id,
		og.org_code,
		og.org_name,
		ta.traffic_total_num,
		ta.traffic_init_num,
		ta.traffic_use_num,
		ta.traffic_remain_num,
		mo.corpus_total_num,
		mo.corpus_surplus_num
		FROM
		t_org og
		LEFT JOIN t_traffic_account ta ON og.org_id = ta.org_id
		LEFT JOIN t_mcht_corpus_outline mo
		ON og.org_id = mo.org_id
		<where>
			<if test="orgCode != null and orgCode !=''">
				og.org_code = #{orgCode,jdbcType=VARCHAR}
			</if>
			<if test="orgName != null and orgName !=''">
				and og.org_name = #{orgName,jdbcType=VARCHAR}
			</if>
			<if test="orgType != null and orgType !='' ">
				and og.org_type = #{orgType,jdbcType=VARCHAR}
			</if>
		</where>
	</select>
	
    <select id="querySelectList" resultMap="BaseResultMap">
        SELECT
          org_id,
          org_name
        from t_org
        WHERE org_status = '1'
        <if test="orgId != null">
			and org_id = #{orgId,jdbcType=INTEGER}
	    </if>
    </select>
    
    <select id="selectByUserId" parameterType="java.lang.Integer" resultMap="BaseResultMap">
        SELECT
          <include refid="Ext_Column_ListExt" />
        from t_org o
        inner join
        t_mcht_user u
        on
        u.mcht_user_id = #{mchtUserId,jdbcType=INTEGER}
        and
        o.org_id = u.org_id
    </select>

    <select id="queryOrgInExpire" resultMap="BaseResultMap">
        SELECT
        <include refid="Base_Column_List"/>
        from t_org o
        where o.org_status='1' and o.expire_date>now()
    </select>
    
    <select id="queryByParams" resultMap="BaseResultMap" parameterType="java.util.Map">
		SELECT
		<include refid="Base_Column_List" />
		from t_org 
		<where>
			<if test="orgId != null">
				and org_id != #{orgId,jdbcType=INTEGER}
			</if>
			<if test="orgCode != null and orgCode !=''">
				and org_code = #{orgCode,jdbcType=VARCHAR}
			</if>
			<if test="orgName != null and orgName !=''">
				and org_name = #{orgName,jdbcType=VARCHAR}
			</if>
			<if test="orgType != null and orgType !='' ">
				and org_type = #{orgType,jdbcType=VARCHAR}
			</if>
		</where>
	</select>

	<update id="updateOrgStatus" parameterType="java.lang.String">
		update t_org
		set
		org_status = #{orgStatus,jdbcType=VARCHAR},
		updated_date = now(),
		updated_by = 'QHZX'
		where expire_date &lt;= now() and org_status = '1' and org_type = 'PARTNER'
	</update>
	
	<select id="selectByAuthCode" parameterType="java.lang.String" resultMap="BaseResultMap">
		select
		<include refid="Base_Column_List" />
		from t_org
		where auth_code = #{authCode,jdbcType=VARCHAR}
	</select>
	<select id="needSyncOrg" resultMap="BaseResultMap">
		SELECT
		<include refid="Base_Column_List"/>
		from t_org o
		WHERE o.org_id=#{orgId}
	</select>

</mapper>