<?xml version="1.0" encoding="UTF-8"?>
<!DOCTYPE mapper PUBLIC "-//mybatis.org//DTD Mapper 3.0//EN" "http://mybatis.org/dtd/mybatis-3-mapper.dtd">
<mapper namespace="com.pingan.qhzx.anshao.platform.common.dao.pg.QaSerialMapper">
  <resultMap id="BaseResultMap" type="com.pingan.qhzx.anshao.platform.common.dto.pg.QaSerial">
    <id column="qa_serial_id" jdbcType="BIGINT" property="qaSerialId" />
    <result column="org_code" jdbcType="VARCHAR" property="orgCode" />
    <result column="cust_id" jdbcType="VARCHAR" property="custId" />
    <result column="question_no" jdbcType="VARCHAR" property="questionNo"/>
    <result column="serial_no" jdbcType="VARCHAR" property="serialNo" />
    <result column="submit_date" jdbcType="TIMESTAMP" property="submitDate" />
    <result column="threshold" jdbcType="VARCHAR" property="threshold" />
    <result column="fuzzymatch" jdbcType="VARCHAR" property="fuzzymatch" />
    <result column="question" jdbcType="VARCHAR" property="question" />
    <result column="answer" jdbcType="VARCHAR" property="answer" />
    <result column="anwser_date" jdbcType="TIMESTAMP" property="anwserDate" />
    <result column="ansir_match_flag" jdbcType="BIT" property="ansirMatchFlag" />
    <result column="created_date" jdbcType="TIMESTAMP" property="createdDate" />
    <result column="created_by" jdbcType="VARCHAR" property="createdBy" />
    <result column="updated_date" jdbcType="TIMESTAMP" property="updatedDate" />
    <result column="updated_by" jdbcType="VARCHAR" property="updatedBy" />
    <result column="response_source" jdbcType="VARCHAR" property="responseSource"/>
  </resultMap>
	<resultMap id="SynchronizationQuestionMap" type="com.pingan.qhzx.anshao.platform.common.bean.qa.SynchronizationQuestionBean"
		extends="BaseResultMap">
		<result column="org_id" jdbcType="INTEGER" property="orgId" />
		<result column="unknown_type" jdbcType="VARCHAR" property="unknownType"/>
	</resultMap>
  <sql id="Base_Column_List">
    qa_serial_id, org_code, cust_id, question_no, serial_no, submit_date, threshold,
    fuzzymatch, question, answer, anwser_date, ansir_match_flag, created_date, created_by,
    updated_date, updated_by, response_source
  </sql>
  <select id="selectByPrimaryKey" parameterType="java.lang.Long" resultMap="BaseResultMap">
    select
    <include refid="Base_Column_List" />
    from t_qa_serial
    where qa_serial_id = #{qaSerialId,jdbcType=BIGINT}
  </select>
  <delete id="deleteByPrimaryKey" parameterType="java.lang.Long">
    delete from t_qa_serial
    where qa_serial_id = #{qaSerialId,jdbcType=BIGINT}
  </delete>

  <select id="selectQaSerialId" resultType="java.lang.Long">
    SELECT nextval('t_qa_serial_qa_serial_id_seq')
  </select>
  <insert id="insert" parameterType="com.pingan.qhzx.anshao.platform.common.dto.pg.QaSerial">
    insert into t_qa_serial (qa_serial_id, org_code, cust_id,
    question_no, serial_no, submit_date,
    threshold, fuzzymatch, question,
    answer, anwser_date, ansir_match_flag,
    created_date, created_by, updated_date,
    updated_by, response_source)
    values (#{qaSerialId,jdbcType=BIGINT}, #{orgCode,jdbcType=VARCHAR}, #{custId,jdbcType=VARCHAR},
    #{questionNo,jdbcType=VARCHAR}, #{serialNo,jdbcType=VARCHAR}, #{submitDate,jdbcType=TIMESTAMP},
    #{threshold,jdbcType=VARCHAR}, #{fuzzymatch,jdbcType=VARCHAR}, #{question,jdbcType=VARCHAR},
    #{answer,jdbcType=VARCHAR}, #{anwserDate,jdbcType=TIMESTAMP}, #{ansirMatchFlag,jdbcType=BIT},
    #{createdDate,jdbcType=TIMESTAMP}, #{createdBy,jdbcType=VARCHAR}, #{updatedDate,jdbcType=TIMESTAMP},
    #{updatedBy,jdbcType=VARCHAR}, #{responseSource,jdbcType=VARCHAR})
  </insert>
  <insert id="insertSelective" parameterType="com.pingan.qhzx.anshao.platform.common.dto.pg.QaSerial">
    <selectKey keyProperty="qaSerialId" order="BEFORE" resultType="java.lang.Long">
      select nextval('t_qa_serial_qa_serial_id_seq')
    </selectKey>
    insert into t_qa_serial
    <trim prefix="(" suffix=")" suffixOverrides=",">
      qa_serial_id,
      <if test="orgCode != null">
        org_code,
      </if>
      <if test="custId != null">
        cust_id,
      </if>
      <if test="questionNo != null">
        question_no,
      </if>
      <if test="serialNo != null">
        serial_no,
      </if>
      <if test="submitDate != null">
        submit_date,
      </if>
      <if test="threshold != null">
        threshold,
      </if>
      <if test="fuzzymatch != null">
        fuzzymatch,
      </if>
      <if test="question != null">
        question,
      </if>
      <if test="answer != null">
        answer,
      </if>
      <if test="anwserDate != null">
        anwser_date,
      </if>
      <if test="ansirMatchFlag != null">
        ansir_match_flag,
      </if>
      <if test="createdDate != null">
        created_date,
      </if>
      <if test="createdBy != null">
        created_by,
      </if>
      <if test="updatedDate != null">
        updated_date,
      </if>
      <if test="updatedBy != null">
        updated_by,
      </if>
      <if test="responseSource != null">
        response_source,
      </if>
    </trim>
    <trim prefix="values (" suffix=")" suffixOverrides=",">
      #{qaSerialId,jdbcType=BIGINT},
      <if test="orgCode != null">
        #{orgCode,jdbcType=VARCHAR},
      </if>
      <if test="custId != null">
        #{custId,jdbcType=VARCHAR},
      </if>
      <if test="questionNo != null">
        #{questionNo,jdbcType=VARCHAR},
      </if>
      <if test="serialNo != null">
        #{serialNo,jdbcType=VARCHAR},
      </if>
      <if test="submitDate != null">
        #{submitDate,jdbcType=TIMESTAMP},
      </if>
      <if test="threshold != null">
        #{threshold,jdbcType=VARCHAR},
      </if>
      <if test="fuzzymatch != null">
        #{fuzzymatch,jdbcType=VARCHAR},
      </if>
      <if test="question != null">
        #{question,jdbcType=VARCHAR},
      </if>
      <if test="answer != null">
        #{answer,jdbcType=VARCHAR},
      </if>
      <if test="anwserDate != null">
        #{anwserDate,jdbcType=TIMESTAMP},
      </if>
      <if test="ansirMatchFlag != null">
        #{ansirMatchFlag,jdbcType=BIT},
      </if>
      <if test="createdDate != null">
        #{createdDate,jdbcType=TIMESTAMP},
      </if>
      <if test="createdBy != null">
        #{createdBy,jdbcType=VARCHAR},
      </if>
      <if test="updatedDate != null">
        #{updatedDate,jdbcType=TIMESTAMP},
      </if>
      <if test="updatedBy != null">
        #{updatedBy,jdbcType=VARCHAR},
      </if>
      <if test="responseSource != null">
        #{responseSource,jdbcType=VARCHAR},
      </if>
    </trim>
  </insert>
  <update id="updateByPrimaryKeySelective" parameterType="com.pingan.qhzx.anshao.platform.common.dto.pg.QaSerial">
    update t_qa_serial
    <set>
      <if test="orgCode != null">
        org_code = #{orgCode,jdbcType=VARCHAR},
      </if>
      <if test="custId != null">
        cust_id = #{custId,jdbcType=VARCHAR},
      </if>
      <if test="questionNo != null">
        question_no = #{questionNo,jdbcType=VARCHAR},
      </if>
      <if test="serialNo != null">
        serial_no = #{serialNo,jdbcType=VARCHAR},
      </if>
      <if test="submitDate != null">
        submit_date = #{submitDate,jdbcType=TIMESTAMP},
      </if>
      <if test="threshold != null">
        threshold = #{threshold,jdbcType=VARCHAR},
      </if>
      <if test="fuzzymatch != null">
        fuzzymatch = #{fuzzymatch,jdbcType=VARCHAR},
      </if>
      <if test="question != null">
        question = #{question,jdbcType=VARCHAR},
      </if>
      <if test="answer != null">
        answer = #{answer,jdbcType=VARCHAR},
      </if>
      <if test="anwserDate != null">
        anwser_date = #{anwserDate,jdbcType=TIMESTAMP},
      </if>
      <if test="ansirMatchFlag != null">
        ansir_match_flag = #{ansirMatchFlag,jdbcType=BIT},
      </if>
      <if test="createdDate != null">
        created_date = #{createdDate,jdbcType=TIMESTAMP},
      </if>
      <if test="createdBy != null">
        created_by = #{createdBy,jdbcType=VARCHAR},
      </if>
      <if test="updatedDate != null">
        updated_date = #{updatedDate,jdbcType=TIMESTAMP},
      </if>
      <if test="updatedBy != null">
        updated_by = #{updatedBy,jdbcType=VARCHAR},
      </if>
      <if test="responseSource != null">
        response_source = #{responseSource,jdbcType=VARCHAR},
      </if>
    </set>
    where qa_serial_id = #{qaSerialId,jdbcType=BIGINT}
  </update>
  <update id="updateByPrimaryKey" parameterType="com.pingan.qhzx.anshao.platform.common.dto.pg.QaSerial">
    update t_qa_serial
    set org_code = #{orgCode,jdbcType=VARCHAR},
      cust_id = #{custId,jdbcType=VARCHAR},
    question_no = #{questionNo,jdbcType=VARCHAR},
      serial_no = #{serialNo,jdbcType=VARCHAR},
      submit_date = #{submitDate,jdbcType=TIMESTAMP},
      threshold = #{threshold,jdbcType=VARCHAR},
      fuzzymatch = #{fuzzymatch,jdbcType=VARCHAR},
      question = #{question,jdbcType=VARCHAR},
      answer = #{answer,jdbcType=VARCHAR},
      anwser_date = #{anwserDate,jdbcType=TIMESTAMP},
      ansir_match_flag = #{ansirMatchFlag,jdbcType=BIT},
      created_date = #{createdDate,jdbcType=TIMESTAMP},
      created_by = #{createdBy,jdbcType=VARCHAR},
      updated_date = #{updatedDate,jdbcType=TIMESTAMP},
    updated_by = #{updatedBy,jdbcType=VARCHAR},
    response_source = #{responseSource,jdbcType=VARCHAR}
    where qa_serial_id = #{qaSerialId,jdbcType=BIGINT}
  </update>
	<select id="selectQaSerialList" parameterType="com.pingan.qhzx.anshao.platform.common.dto.reportStatistics.SelectTrafficDTO" resultMap="BaseResultMap">
		SELECT
			qn.cust_id,
			qn.question,
			qn.answer,
			qn.submit_date
		FROM
			t_qa_serial qn
		INNER JOIN t_org og ON qn.org_code = og.org_code
		<where>
			 <if test="orgId != null and orgId !='' ">
				og.org_id = #{orgId,jdbcType=INTEGER}
		      </if>
			<if test="startDate != null and startDate !=''">
          		<![CDATA[
					and qn.submit_date >= #{startDate,jdbcType=TIMESTAMP}
				]]>
			</if>
			<if test="endDate != null and endDate !=''">
				<![CDATA[
					and qn.submit_date < #{endDate,jdbcType=TIMESTAMP}
				]]>
			</if>
		</where>
		order by qn.submit_date desc
	</select>
</mapper>