<?xml version="1.0" encoding="UTF-8"?>
<!DOCTYPE mapper PUBLIC "-//mybatis.org//DTD Mapper 3.0//EN" "http://mybatis.org/dtd/mybatis-3-mapper.dtd">
<mapper namespace="com.pingan.qhzx.anshao.platform.common.dao.pg.TrafficAccountMapper">
  <resultMap id="BaseResultMap" type="com.pingan.qhzx.anshao.platform.common.dto.pg.TrafficAccount">
    <id column="org_id" jdbcType="INTEGER" property="orgId" />
    <result column="traffic_total_num" jdbcType="BIGINT" property="trafficTotalNum" />
    <result column="traffic_init_num" jdbcType="BIGINT" property="trafficInitNum" />
    <result column="traffic_use_num" jdbcType="BIGINT" property="trafficUseNum" />
    <result column="traffic_remain_num" jdbcType="BIGINT" property="trafficRemainNum" />
    <result column="cutoff_date" jdbcType="TIMESTAMP" property="cutoffDate" />
    <result column="created_date" jdbcType="TIMESTAMP" property="createdDate" />
    <result column="created_by" jdbcType="VARCHAR" property="createdBy" />
    <result column="updated_date" jdbcType="TIMESTAMP" property="updatedDate" />
    <result column="updated_by" jdbcType="VARCHAR" property="updatedBy" />
  </resultMap>
  <sql id="Base_Column_List">
    org_id, traffic_total_num, traffic_init_num, traffic_use_num, traffic_remain_num, 
    cutoff_date, created_date, created_by, updated_date, updated_by
  </sql>
  <select id="selectByPrimaryKey" parameterType="java.lang.Integer" resultMap="BaseResultMap">
    select 
    <include refid="Base_Column_List" />
    from t_traffic_account
    where org_id = #{orgId,jdbcType=INTEGER}
  </select>
  <delete id="deleteByPrimaryKey" parameterType="java.lang.Integer">
    delete from t_traffic_account
    where org_id = #{orgId,jdbcType=INTEGER}
  </delete>
  <insert id="insert" parameterType="com.pingan.qhzx.anshao.platform.common.dto.pg.TrafficAccount">
    insert into t_traffic_account (org_id, traffic_total_num, traffic_init_num, 
      traffic_use_num, traffic_remain_num, cutoff_date, 
      created_date, created_by, updated_date, 
      updated_by)
    values (#{orgId,jdbcType=INTEGER}, #{trafficTotalNum,jdbcType=BIGINT}, #{trafficInitNum,jdbcType=BIGINT}, 
      #{trafficUseNum,jdbcType=BIGINT}, #{trafficRemainNum,jdbcType=BIGINT}, #{cutoffDate,jdbcType=TIMESTAMP}, 
      #{createdDate,jdbcType=TIMESTAMP}, #{createdBy,jdbcType=VARCHAR}, #{updatedDate,jdbcType=TIMESTAMP}, 
      #{updatedBy,jdbcType=VARCHAR})
  </insert>
  <insert id="insertSelective" parameterType="com.pingan.qhzx.anshao.platform.common.dto.pg.TrafficAccount">
    insert into t_traffic_account
    <trim prefix="(" suffix=")" suffixOverrides=",">
      <if test="orgId != null">
        org_id,
      </if>
      <if test="trafficTotalNum != null">
        traffic_total_num,
      </if>
      <if test="trafficInitNum != null">
        traffic_init_num,
      </if>
      <if test="trafficUseNum != null">
        traffic_use_num,
      </if>
      <if test="trafficRemainNum != null">
        traffic_remain_num,
      </if>
      <if test="cutoffDate != null">
        cutoff_date,
      </if>
      <if test="createdDate != null">
        created_date,
      </if>
      <if test="createdBy != null">
        created_by,
      </if>
      <if test="updatedDate != null">
        updated_date,
      </if>
      <if test="updatedBy != null">
        updated_by,
      </if>
    </trim>
    <trim prefix="values (" suffix=")" suffixOverrides=",">
      <if test="orgId != null">
        #{orgId,jdbcType=INTEGER},
      </if>
      <if test="trafficTotalNum != null">
        #{trafficTotalNum,jdbcType=BIGINT},
      </if>
      <if test="trafficInitNum != null">
        #{trafficInitNum,jdbcType=BIGINT},
      </if>
      <if test="trafficUseNum != null">
        #{trafficUseNum,jdbcType=BIGINT},
      </if>
      <if test="trafficRemainNum != null">
        #{trafficRemainNum,jdbcType=BIGINT},
      </if>
      <if test="cutoffDate != null">
        #{cutoffDate,jdbcType=TIMESTAMP},
      </if>
      <if test="createdDate != null">
        #{createdDate,jdbcType=TIMESTAMP},
      </if>
      <if test="createdBy != null">
        #{createdBy,jdbcType=VARCHAR},
      </if>
      <if test="updatedDate != null">
        #{updatedDate,jdbcType=TIMESTAMP},
      </if>
      <if test="updatedBy != null">
        #{updatedBy,jdbcType=VARCHAR},
      </if>
    </trim>
  </insert>
  <update id="updateByPrimaryKeySelective" parameterType="com.pingan.qhzx.anshao.platform.common.dto.pg.TrafficAccount">
    update t_traffic_account
    <set>
      <if test="trafficTotalNum != null">
        traffic_total_num = #{trafficTotalNum,jdbcType=BIGINT},
      </if>
      <if test="trafficInitNum != null">
        traffic_init_num = #{trafficInitNum,jdbcType=BIGINT},
      </if>
      <if test="trafficUseNum != null">
        traffic_use_num = #{trafficUseNum,jdbcType=BIGINT},
      </if>
      <if test="trafficRemainNum != null">
        traffic_remain_num = #{trafficRemainNum,jdbcType=BIGINT},
      </if>
      <if test="cutoffDate != null">
        cutoff_date = #{cutoffDate,jdbcType=TIMESTAMP},
      </if>
      <if test="createdDate != null">
        created_date = #{createdDate,jdbcType=TIMESTAMP},
      </if>
      <if test="createdBy != null">
        created_by = #{createdBy,jdbcType=VARCHAR},
      </if>
      <if test="updatedDate != null">
        updated_date = #{updatedDate,jdbcType=TIMESTAMP},
      </if>
      <if test="updatedBy != null">
        updated_by = #{updatedBy,jdbcType=VARCHAR},
      </if>
    </set>
    where org_id = #{orgId,jdbcType=INTEGER}
  </update>
  <update id="updateByPrimaryKey" parameterType="com.pingan.qhzx.anshao.platform.common.dto.pg.TrafficAccount">
    update t_traffic_account
    set traffic_total_num = #{trafficTotalNum,jdbcType=BIGINT},
      traffic_init_num = #{trafficInitNum,jdbcType=BIGINT},
      traffic_use_num = #{trafficUseNum,jdbcType=BIGINT},
      traffic_remain_num = #{trafficRemainNum,jdbcType=BIGINT},
      cutoff_date = #{cutoffDate,jdbcType=TIMESTAMP},
      created_date = #{createdDate,jdbcType=TIMESTAMP},
      created_by = #{createdBy,jdbcType=VARCHAR},
      updated_date = #{updatedDate,jdbcType=TIMESTAMP},
      updated_by = #{updatedBy,jdbcType=VARCHAR}
    where org_id = #{orgId,jdbcType=INTEGER}
  </update>
  <update id="updateAccountConsume">
    UPDATE t_traffic_account
    SET traffic_use_num = traffic_use_num + (select count(m.occur_num) from t_mcht_traffic_serial m where
    m.charging_batch_no=#{batchNo}),
    traffic_remain_num = traffic_remain_num - (select count(m.occur_num) from t_mcht_traffic_serial m where
    m.charging_batch_no=#{batchNo}),
    cutoff_date = now(),
      updated_date       = now(),
      updated_by         = 'system'
    WHERE org_id = #{orgId,jdbcType=INTEGER}
  </update>

  <select id="selectByPrimaryKeyLock" parameterType="java.lang.Integer" resultMap="BaseResultMap">
    select
    <include refid="Base_Column_List" />
    from t_traffic_account
    where org_id = #{orgId,jdbcType=INTEGER} for update
  </select>

  <select id="selectSumTraffic" resultMap="BaseResultMap">
    select sum(ta.traffic_total_num) traffic_total_num,sum(ta.traffic_use_num) traffic_use_num,
    sum(ta.traffic_remain_num) traffic_remain_num from t_traffic_account ta,t_org o where ta.org_id = o.org_id
    and o.org_type = 'PARTNER'
  </select>


</mapper>