<?xml version="1.0" encoding="UTF-8"?>
<!DOCTYPE mapper PUBLIC "-//mybatis.org//DTD Mapper 3.0//EN" "http://mybatis.org/dtd/mybatis-3-mapper.dtd">
<mapper namespace="com.pingan.qhzx.anshao.platform.common.dao.pg.UnknownQaMapper">
    <resultMap id="BaseResultMap" type="com.pingan.qhzx.anshao.platform.common.dto.pg.UnknownQa">
        <id column="unknow_qa_id" jdbcType="BIGINT" property="unknowQaId"/>
        <result column="serial_no" jdbcType="VARCHAR" property="serialNo"/>
        <result column="sync_status" jdbcType="VARCHAR" property="syncStatus"/>
        <result column="batch_no" jdbcType="INTEGER" property="batchNo"/>
        <result column="created_date" jdbcType="TIMESTAMP" property="createdDate"/>
        <result column="created_by" jdbcType="VARCHAR" property="createdBy"/>
        <result column="updated_date" jdbcType="TIMESTAMP" property="updatedDate"/>
        <result column="updated_by" jdbcType="VARCHAR" property="updatedBy"/>
        <result column="unknown_type" jdbcType="VARCHAR" property="unknownType"/>
    </resultMap>
    <resultMap id="SynchronizationQuestionMap" type="com.pingan.qhzx.anshao.platform.common.bean.qa.SynchronizationQuestionBean"
		extends="BaseResultMap">
		<result column="org_id" jdbcType="INTEGER" property="orgId" />
		<result column="org_code" jdbcType="VARCHAR" property="orgCode" />
		<result column="cust_id" jdbcType="VARCHAR" property="custId" />
		<result column="submit_date" jdbcType="TIMESTAMP" property="submitDate" />
    	<result column="question" jdbcType="VARCHAR" property="question" />
	</resultMap>
    <sql id="Base_Column_List">
        unknow_qa_id, serial_no, sync_status, batch_no, created_date, created_by, updated_date,
        updated_by, unknown_type
    </sql>
    <select id="selectByPrimaryKey" parameterType="java.lang.Long" resultMap="BaseResultMap">
        select
        <include refid="Base_Column_List"/>
        from t_unknow_qa
        where unknow_qa_id = #{unknowQaId,jdbcType=BIGINT}
    </select>
    <delete id="deleteByPrimaryKey" parameterType="java.lang.Long">
        DELETE FROM t_unknow_qa
        WHERE unknow_qa_id = #{unknowQaId,jdbcType=BIGINT}
    </delete>
    <insert id="insert" parameterType="com.pingan.qhzx.anshao.platform.common.dto.pg.UnknownQa">
        <selectKey keyProperty="unknowQaId" order="BEFORE" resultType="java.lang.Long">
            select nextval('t_unknow_qa_unknow_qa_id_seq')
        </selectKey>
        insert into t_unknow_qa (unknow_qa_id, serial_no, sync_status,
        batch_no, created_date, created_by,
        updated_date, updated_by, unknown_type)
        values (#{unknowQaId,jdbcType=BIGINT}, #{serialNo,jdbcType=VARCHAR}, #{syncStatus,jdbcType=VARCHAR},
        #{batchNo,jdbcType=INTEGER}, #{createdDate,jdbcType=TIMESTAMP}, #{createdBy,jdbcType=VARCHAR},
        #{updatedDate,jdbcType=TIMESTAMP}, #{updatedBy,jdbcType=VARCHAR}, #{unknownType,jdbcType=VARCHAR})
    </insert>
    <insert id="insertSelective" parameterType="com.pingan.qhzx.anshao.platform.common.dto.pg.UnknownQa">
        <selectKey keyProperty="unknowQaId" order="BEFORE" resultType="java.lang.Long">
            select nextval('t_unknow_qa_unknow_qa_id_seq')
        </selectKey>
        insert into t_unknow_qa
        <trim prefix="(" suffix=")" suffixOverrides=",">
            unknow_qa_id,
            <if test="serialNo != null">
                serial_no,
            </if>
            <if test="syncStatus != null">
                sync_status,
            </if>
            <if test="batchNo != null">
                batch_no,
            </if>
            <if test="createdDate != null">
                created_date,
            </if>
            <if test="createdBy != null">
                created_by,
            </if>
            <if test="updatedDate != null">
                updated_date,
            </if>
            <if test="updatedBy != null">
                updated_by,
            </if>
            <if test="unknownType != null">
                unknown_type,
            </if>
        </trim>
        <trim prefix="values (" suffix=")" suffixOverrides=",">
            #{unknowQaId,jdbcType=BIGINT},
            <if test="serialNo != null">
                #{serialNo,jdbcType=VARCHAR},
            </if>
            <if test="syncStatus != null">
                #{syncStatus,jdbcType=VARCHAR},
            </if>
            <if test="batchNo != null">
                #{batchNo,jdbcType=INTEGER},
            </if>
            <if test="createdDate != null">
                #{createdDate,jdbcType=TIMESTAMP},
            </if>
            <if test="createdBy != null">
                #{createdBy,jdbcType=VARCHAR},
            </if>
            <if test="updatedDate != null">
                #{updatedDate,jdbcType=TIMESTAMP},
            </if>
            <if test="updatedBy != null">
                #{updatedBy,jdbcType=VARCHAR},
            </if>
            <if test="unknownType != null">
                #{unknownType,jdbcType=VARCHAR},
            </if>
        </trim>
    </insert>
    <update id="updateByPrimaryKeySelective" parameterType="com.pingan.qhzx.anshao.platform.common.dto.pg.UnknownQa">
        update t_unknow_qa
        <set>
            <if test="serialNo != null">
                serial_no = #{serialNo,jdbcType=VARCHAR},
            </if>
            <if test="syncStatus != null">
                sync_status = #{syncStatus,jdbcType=VARCHAR},
            </if>
            <if test="batchNo != null">
                batch_no = #{batchNo,jdbcType=INTEGER},
            </if>
            <if test="createdDate != null">
                created_date = #{createdDate,jdbcType=TIMESTAMP},
            </if>
            <if test="createdBy != null">
                created_by = #{createdBy,jdbcType=VARCHAR},
            </if>
            <if test="updatedDate != null">
                updated_date = #{updatedDate,jdbcType=TIMESTAMP},
            </if>
            <if test="updatedBy != null">
                updated_by = #{updatedBy,jdbcType=VARCHAR},
            </if>
            <if test="unknownType != null">
                unknown_type = #{unknownType,jdbcType=VARCHAR},
            </if>
        </set>
        where unknow_qa_id = #{unknowQaId,jdbcType=BIGINT}
    </update>
    <update id="updateByPrimaryKey" parameterType="com.pingan.qhzx.anshao.platform.common.dto.pg.UnknownQa">
        UPDATE t_unknow_qa
        SET serial_no    = #{serialNo,jdbcType=VARCHAR},
            sync_status  = #{syncStatus,jdbcType=VARCHAR},
            batch_no     = #{batchNo,jdbcType=INTEGER},
            created_date = #{createdDate,jdbcType=TIMESTAMP},
            created_by   = #{createdBy,jdbcType=VARCHAR},
            updated_date = #{updatedDate,jdbcType=TIMESTAMP},
            updated_by   = #{updatedBy,jdbcType=VARCHAR},
            unknown_type = #{unknownType,jdbcType=VARCHAR}
        WHERE unknow_qa_id = #{unknowQaId,jdbcType=BIGINT}
    </update>
	<select id="selectBatchNo" resultType="java.lang.Integer">
		SELECT nextval('seq_sync_unknown_qa_batch_no')
	</select>
	<update id="updateSyncSatus"
		parameterType="com.pingan.qhzx.anshao.platform.common.dto.qa.SynchronizationQuestionDTO">
		UPDATE t_unknow_qa
		<set>
			<if test="syncStatus != null and syncStatus !='' ">
				sync_status = #{syncStatus,jdbcType=VARCHAR},
			</if>
			<if test="updatedDate != null">
				updated_date = #{updatedDate,jdbcType=TIMESTAMP},
			</if>
			<if test="batchNo != null">
				batch_no = #{batchNo,jdbcType=INTEGER},
			</if>
		</set>
		<where>
			<if test="syncStateList != null">
                sync_status in
                <foreach collection="syncStateList" item="syncStatus" index="index"
                         open="(" close=")" separator=",">
                    #{syncStatus}
                </foreach>
            </if>
			<if test="startDate != null">
          		<![CDATA[
					and created_date >= #{startDate,jdbcType=TIMESTAMP}
				]]>
			</if>
			<if test="endDate != null">
				<![CDATA[
					and created_date < #{endDate,jdbcType=TIMESTAMP}
				]]>
			</if>
		</where>
	</update>
	<select id="seltQaSerListByOrgIdSerNo" parameterType="java.lang.Integer" resultMap="SynchronizationQuestionMap">
		SELECT
			og.org_id,
			qn.org_code,
			qn.cust_id,
			qn.question,
			qn.submit_date,
			uq.unknow_qa_id,
			uq.unknown_type
		FROM
			t_unknow_qa uq
		INNER JOIN t_qa_serial qn ON qn.serial_no = uq.serial_no
		INNER JOIN t_org og ON qn.org_code = og.org_code
		where uq.batch_no = #{batchNo,jdbcType=INTEGER}
		order by qn.submit_date desc
	</select>
	<update id="updateSyncSatuByBatchNo"
		parameterType="com.pingan.qhzx.anshao.platform.common.dto.qa.SynchronizationQuestionDTO">
		UPDATE t_unknow_qa
		<set>
			<if test="syncStatus != null and syncStatus !='' ">
				sync_status = #{syncStatus,jdbcType=VARCHAR},
			</if>
			<if test="updatedDate != null">
				updated_date = #{updatedDate,jdbcType=TIMESTAMP},
			</if>
		</set>
		<where>
			batch_no = #{batchNo,jdbcType=INTEGER}
		</where>
	</update>
</mapper>