<?xml version="1.0" encoding="UTF-8"?>
<!DOCTYPE mapper PUBLIC "-//mybatis.org//DTD Mapper 3.0//EN" "http://mybatis.org/dtd/mybatis-3-mapper.dtd">
<mapper namespace="com.pingan.qhzx.anshao.platform.common.dao.pg.ZskClassifyMapper">
	<resultMap id="BaseResultMap" type="com.pingan.qhzx.anshao.platform.common.dto.pg.ZskClassify">
		<id column="zsk_classify_id" jdbcType="INTEGER" property="zskClassifyId" />
		<result column="org_id" jdbcType="INTEGER" property="orgId" />
		<result column="classify_name" jdbcType="VARCHAR" property="classifyName" />
		<result column="created_date" jdbcType="TIMESTAMP" property="createdDate" />
		<result column="created_by" jdbcType="VARCHAR" property="createdBy" />
		<result column="updated_date" jdbcType="TIMESTAMP" property="updatedDate" />
		<result column="updated_by" jdbcType="VARCHAR" property="updatedBy" />
	</resultMap>
	<sql id="Base_Column_List">
		zsk_classify_id, org_id, classify_name, created_date, created_by, updated_date,
		updated_by
	</sql>
	<select id="selectByPrimaryKey" parameterType="java.lang.Integer" resultMap="BaseResultMap">
		select
		<include refid="Base_Column_List" />
		from t_zsk_classify
		where zsk_classify_id = #{zskClassifyId,jdbcType=INTEGER}
	</select>
	<delete id="deleteByPrimaryKey" parameterType="java.lang.Integer">
		delete from t_zsk_classify
		where
		zsk_classify_id = #{zskClassifyId,jdbcType=INTEGER}
	</delete>
	<insert id="insert" parameterType="com.pingan.qhzx.anshao.platform.common.dto.pg.ZskClassify">
		<selectKey keyProperty="zskClassifyId" order="BEFORE" resultType="java.lang.Integer">
			select
			nextval('t_zsk_classify_zsk_classify_id_seq')
		</selectKey>
		insert into t_zsk_classify (zsk_classify_id, org_id, classify_name,
		created_date, created_by,
		updated_date,
		updated_by)
		values (#{zskClassifyId,jdbcType=INTEGER}, #{orgId,jdbcType=INTEGER},
		#{classifyName,jdbcType=VARCHAR},
		#{createdDate,jdbcType=TIMESTAMP},
		#{createdBy,jdbcType=VARCHAR}, #{updatedDate,jdbcType=TIMESTAMP},
		#{updatedBy,jdbcType=VARCHAR})
	</insert>
	<insert id="insertSelective" parameterType="com.pingan.qhzx.anshao.platform.common.dto.pg.ZskClassify">
		<selectKey keyProperty="zskClassifyId" order="BEFORE" resultType="java.lang.Integer">
			select
			nextval('t_zsk_classify_zsk_classify_id_seq')
		</selectKey>
		insert into t_zsk_classify
		<trim prefix="(" suffix=")" suffixOverrides=",">
			zsk_classify_id,
			<if test="orgId != null">
				org_id,
			</if>
			<if test="classifyName != null">
				classify_name,
			</if>
			<if test="createdDate != null">
				created_date,
			</if>
			<if test="createdBy != null">
				created_by,
			</if>
			<if test="updatedDate != null">
				updated_date,
			</if>
			<if test="updatedBy != null">
				updated_by,
			</if>
		</trim>
		<trim prefix="values (" suffix=")" suffixOverrides=",">
			#{zskClassifyId,jdbcType=INTEGER},
			<if test="orgId != null">
				#{orgId,jdbcType=INTEGER},
			</if>
			<if test="classifyName != null">
				#{classifyName,jdbcType=VARCHAR},
			</if>
			<if test="createdDate != null">
				#{createdDate,jdbcType=TIMESTAMP},
			</if>
			<if test="createdBy != null">
				#{createdBy,jdbcType=VARCHAR},
			</if>
			<if test="updatedDate != null">
				#{updatedDate,jdbcType=TIMESTAMP},
			</if>
			<if test="updatedBy != null">
				#{updatedBy,jdbcType=VARCHAR},
			</if>
		</trim>
	</insert>
	<update id="updateByPrimaryKeySelective" parameterType="com.pingan.qhzx.anshao.platform.common.dto.pg.ZskClassify">
		update t_zsk_classify
		<set>
			<if test="orgId != null">
				org_id = #{orgId,jdbcType=INTEGER},
			</if>
			<if test="classifyName != null">
				classify_name = #{classifyName,jdbcType=VARCHAR},
			</if>
			<if test="createdDate != null">
				created_date = #{createdDate,jdbcType=TIMESTAMP},
			</if>
			<if test="createdBy != null">
				created_by = #{createdBy,jdbcType=VARCHAR},
			</if>
			<if test="updatedDate != null">
				updated_date = #{updatedDate,jdbcType=TIMESTAMP},
			</if>
			<if test="updatedBy != null">
				updated_by = #{updatedBy,jdbcType=VARCHAR},
			</if>
		</set>
		where zsk_classify_id = #{zskClassifyId,jdbcType=INTEGER}
	</update>
	<update id="updateByPrimaryKey" parameterType="com.pingan.qhzx.anshao.platform.common.dto.pg.ZskClassify">
		update t_zsk_classify
		set org_id =
		#{orgId,jdbcType=INTEGER},
		classify_name = #{classifyName,jdbcType=VARCHAR},
		created_date =
		#{createdDate,jdbcType=TIMESTAMP},
		created_by = #{createdBy,jdbcType=VARCHAR},
		updated_date =
		#{updatedDate,jdbcType=TIMESTAMP},
		updated_by = #{updatedBy,jdbcType=VARCHAR}
		where
		zsk_classify_id = #{zskClassifyId,jdbcType=INTEGER}
	</update>
	<select id="selectZskClassifyListByOrgId" parameterType="java.lang.Integer"
		resultMap="BaseResultMap">
		select
		<include refid="Base_Column_List" />
		from t_zsk_classify
		where org_id = #{orgId,jdbcType=INTEGER}
	</select>
	<select id="queryClassifylist" parameterType="com.pingan.qhzx.anshao.platform.common.bean.knowledge.ZskClassifyPageDTO"
		resultMap="BaseResultMap">
		select
		<include refid="Base_Column_List" />
		from t_zsk_classify
		<where>
			<if test="orgId != null and orgId !=''">
				org_id = #{orgId,jdbcType=INTEGER}
			</if>
			<if test="classifyName != null and classifyName !=''">
				and classify_name LIKE
				<!-- '%' || #{classifyName} || '%' -->
				CONCAT(CONCAT('%',#{classifyName,jdbcType=VARCHAR}),'%')
			</if>
		</where>
		ORDER BY updated_date desc
	</select>
	<select id="selectClassifyList" parameterType="com.pingan.qhzx.anshao.platform.common.dto.pg.ZskClassify"
		resultMap="BaseResultMap">
		select
		<include refid="Base_Column_List" />
		from t_zsk_classify
		<where>
			<if test="orgId != null and orgId !=''">
				org_id = #{orgId,jdbcType=INTEGER}
			</if>
			<if test="classifyName != null and classifyName !=''">
				and classify_name = #{classifyName,jdbcType=INTEGER}
			</if>
		</where>
	</select>

</mapper>