<?xml version="1.0" encoding="UTF-8"?>
<beans xmlns:xsi="http://www.w3.org/2001/XMLSchema-instance"
	   xmlns:mvc="http://www.springframework.org/schema/mvc" xmlns="http://www.springframework.org/schema/beans"
	   xsi:schemaLocation="http://www.springframework.org/schema/beans http://www.springframework.org/schema/beans/spring-beans-3.2.xsd http://www.springframework.org/schema/mvc http://www.springframework.org/schema/mvc/spring-mvc.xsd">
	
	<!-- configLocation 路径 -->
	<bean id="sqlSessionFactory" class="org.mybatis.spring.SqlSessionFactoryBean">
		<property name="dataSource" ref="dataSource" />
		<property name="mapperLocations" value="classpath*:mapper/ansirqa/*.xml"/>
	</bean>

	<bean class="org.mybatis.spring.mapper.MapperScannerConfigurer">
		<property name="basePackage" value="com.pingan.qhzx.anshao.model.dao" />
		<property name="markerInterface" value="com.pingan.qhzx.anshao.model.common.mybatis.BaseMapper" />
		 <property name="sqlSessionFactoryBeanName" value="sqlSessionFactory" /> 
	</bean>
	
	<!-- 
	<bean id="propertyConfigurer" class="org.springframework.beans.factory.config.PropertyPlaceholderConfigurer">      
	     <property name="location" value="pizza:def/hanlp.properties"></property>  
	 </bean>
    
    
    <bean id="hanlpConfigService" class="com.pingan.qhzx.anshao.model.service.HanlpConfigService">
    	<property name="configure" value="pizza:def/hanlp.properties"></property>
    </bean>
    -->
     <bean id="multipartResolver" class="org.springframework.web.multipart.commons.CommonsMultipartResolver">
        <property name="defaultEncoding" value="utf-8"></property>
        <property name="maxUploadSize" value="10485760"></property>
        <property name="maxInMemorySize" value="40960"></property>
    </bean>

	<mvc:interceptors>
        <bean class="com.pingan.qhzx.anshao.model.web.interceptor.LoggerInterceptor"/>
        <bean class="com.pingan.qhzx.anshao.model.web.interceptor.ExceptionInterceptor"/>
	</mvc:interceptors>
	
	<bean id="ansirqa_redis" class="com.pingan.pafa.redis.RedisFactoryBean">
        <property name="configureResource" value="${redis.resource}"></property>
    </bean>
	

</beans>