<?xml version="1.0" encoding="UTF-8"?>
<beans xmlns:xsi="http://www.w3.org/2001/XMLSchema-instance"
	   xmlns:mvc="http://www.springframework.org/schema/mvc" xmlns="http://www.springframework.org/schema/beans"
	   xsi:schemaLocation="http://www.springframework.org/schema/beans http://www.springframework.org/schema/beans/spring-beans-3.2.xsd http://www.springframework.org/schema/mvc http://www.springframework.org/schema/mvc/spring-mvc.xsd">

	<mvc:interceptors>
		<bean class="com.pingan.qhzx.anshao.platform.common.web.interceptor.LoggerInterceptor"/>
		<bean class="com.pingan.qhzx.anshao.platform.common.web.interceptor.ExceptionInterceptor"/>
		
		<mvc:interceptor>
            <mvc:mapping path="/mcht/**"/>
			<mvc:exclude-mapping path="/mcht/robot/**"/>
			<mvc:exclude-mapping path="/mcht/zsk/corpus/importer"/>
            <bean class="com.pingan.qhzx.anshao.platform.common.web.interceptor.SecurityInterceptor">
                <property name="securitySignPrefix" value="${web.security.sign.prefix}"/>
                <property name="securitySignSuffix" value="${web.security.sign.suffix}"/>
            </bean>
        </mvc:interceptor>
        		
		<mvc:interceptor>
			<mvc:mapping path="/mcht/**" />
			<mvc:exclude-mapping path="/mcht/*/nologin/**" />
			<mvc:exclude-mapping path="/mcht/robot/**"/>
			<bean class="com.pingan.qhzx.anshao.platform.common.web.interceptor.SessionInterceptor"/>
		</mvc:interceptor>
		
		
		<mvc:interceptor>
			<mvc:mapping path="/mcht/**" />
			<mvc:exclude-mapping path="/mcht/*/nologin/**" />
			<mvc:exclude-mapping path="/mcht/robot/**"/>
			<bean class="com.pingan.qhzx.anshao.platform.common.web.interceptor.AuthInterceptor"/>
		</mvc:interceptor>
		
	</mvc:interceptors>

	<import resource="classpath*:spring/ansir_*.xml"/>

	<bean name="multiAnswerCache" class="com.pingan.pafa.redis.cache.RedisCacheBean">
		<property name="redis" ref="ansir_redis" />
		<property name="namespace" value="ansir"/>
        <property name="valueClazz" value="com.pingan.qhzx.anshao.platform.common.service.model.bean.AnswerParser"/>
		<property name="serialization"
				  value="com.pingan.qhzx.anshao.platform.common.web.session.ser.Hessian2Serialization"/>
	</bean>


	<bean name="unknownQaMap" class="com.pingan.pafa.redis.map.RedisMapBean">
		<property name="redis" ref="ansir_redis"/>
		<property name="id" value="unknownQaMap"/>
		<property name="keyClazz" value="java.lang.String"/>
		<property name="valueClazz" value="com.pingan.qhzx.anshao.platform.common.service.model.bean.AnswerParser"/>
	</bean>

	<bean id="serialReceipt" class="com.pingan.pafa.redis.queue.ConsumeListenerContainer">
		<property name="redisQueue" ref="serialQueue"/>
		<property name="disabled" value="false"/>
		<property name="threadPoolSize" value="5"/>
		<property name="consumeListener" ref="accountSerialConsumer"/>
	</bean>

	<bean id="syncCorpusOrgConsumer" class="com.pingan.pafa.redis.queue.ConsumeListenerContainer">
		<property name="consumeListener" ref="corpusSyncService"/>
		<property name="redisQueue" ref="syncCorpusOrgQueue"/>
		<property name="disabled" value="false"/>
		<property name="threadPoolSize" value="5"/>
	</bean>
</beans>